Const,Your Rating,Date Rated,Title,URL,Title Type,IMDb Rating,Runtime (mins),Year,Genres,Num Votes,Release Date,Directors
tt1001526,8,2014-09-09,Megamind,https://www.imdb.com/title/tt1001526/,movie,7.2,95,2010,"Animation, Action, Comedy, Family, Sci-Fi",219822,2010-10-28,Tom McGrath
tt1024648,8,2015-06-03,Argo,https://www.imdb.com/title/tt1024648/,movie,7.7,120,2012,"Biography, Drama, Thriller",558116,2012-08-31,Ben Affleck
tt0102926,9,2015-06-03,The Silence of the Lambs,https://www.imdb.com/title/tt0102926/,movie,8.6,118,1991,"Crime, Drama, Thriller",1215050,1991-01-30,Jonathan Demme
tt0103064,9,2014-07-28,Terminator 2: Judgment Day,https://www.imdb.com/title/tt0103064/,movie,8.5,137,1991,"Action, Sci-Fi",963788,1991-07-01,James Cameron
tt0104691,8,2014-05-30,The Last of the Mohicans,https://www.imdb.com/title/tt0104691/,movie,7.7,112,1992,"Action, Adventure, Drama, Romance, War",143629,1992-08-26,Michael Mann
tt1049413,9,2014-07-28,Up,https://www.imdb.com/title/tt1049413/,movie,8.2,96,2009,"Animation, Adventure, Comedy, Family",900050,2009-05-13,"Pete Docter, Bob Peterson"
tt0105236,9,2015-05-31,Reservoir Dogs,https://www.imdb.com/title/tt0105236/,movie,8.3,99,1992,"Crime, Drama, Thriller",884834,1992-01-21,Quentin Tarantino
tt1074638,9,2016-01-01,Skyfall,https://www.imdb.com/title/tt1074638/,movie,7.7,143,2012,"Action, Adventure, Thriller",615541,2012-10-23,Sam Mendes
tt1080016,8,2014-08-28,Ice Age: Dawn of the Dinosaurs,https://www.imdb.com/title/tt1080016/,movie,6.9,94,2009,"Animation, Adventure, Comedy, Family, Fantasy",216297,2009-06-26,"Mike Thurmeier, Carlos Saldanha"
tt0108394,10,2015-08-16,Trois couleurs: Bleu,https://www.imdb.com/title/tt0108394/,movie,7.9,94,1993,"Drama, Music, Mystery, Romance",84437,1993-09-03,Krzysztof Kieslowski
tt0108598,10,2015-01-26,The Wrong Trousers,https://www.imdb.com/title/tt0108598/,short,8.3,30,1993,"Animation, Short, Comedy, Crime, Family, Sci-Fi",49521,1993-09-04,Nick Park
tt0108778,10,2014-08-27,Friends,https://www.imdb.com/title/tt0108778/,tvSeries,8.9,22,1994,"Comedy, Romance",764133,1994-09-22,
tt0109040,6,2020-03-16,Ace Ventura: Pet Detective,https://www.imdb.com/title/tt0109040/,movie,6.9,86,1994,Comedy,269139,1994-02-04,Tom Shadyac
tt1091191,8,2015-06-04,Lone Survivor,https://www.imdb.com/title/tt1091191/,movie,7.5,121,2013,"Action, Biography, Drama, War",258873,2013-11-12,Peter Berg
tt0109686,9,2015-12-11,Dumb and Dumber,https://www.imdb.com/title/tt0109686/,movie,7.3,107,1994,Comedy,343991,1994-12-06,"Peter Farrelly, Bobby Farrelly"
tt0109830,10,2014-07-23,Forrest Gump,https://www.imdb.com/title/tt0109830/,movie,8.8,142,1994,"Drama, Romance",1730354,1994-06-23,Robert Zemeckis
tt1100089,8,2015-02-20,Foxcatcher,https://www.imdb.com/title/tt1100089/,movie,7.0,134,2014,"Biography, Drama, Sport",131041,2014-05-19,Bennett Miller
tt0110357,9,2014-07-28,The Lion King,https://www.imdb.com/title/tt0110357/,movie,8.5,88,1994,"Animation, Adventure, Drama, Family, Musical",904801,1994-06-12,"Rob Minkoff, Roger Allers"
tt0110413,10,2014-05-25,Léon,https://www.imdb.com/title/tt0110413/,movie,8.5,110,1994,"Action, Crime, Drama, Thriller",993300,1994-09-14,Luc Besson
tt0110475,7,2016-01-09,The Mask,https://www.imdb.com/title/tt0110475/,movie,6.9,101,1994,"Action, Comedy, Crime, Fantasy",333213,1994-07-28,Chuck Russell
tt0111161,10,2013-12-02,The Shawshank Redemption,https://www.imdb.com/title/tt0111161/,movie,9.3,142,1994,Drama,2243877,1994-09-10,Frank Darabont
tt0113189,6,2014-08-28,GoldenEye,https://www.imdb.com/title/tt0113189/,movie,7.2,130,1995,"Action, Adventure, Thriller",232421,1995-11-13,Martin Campbell
tt1136608,10,2015-01-05,District 9,https://www.imdb.com/title/tt1136608/,movie,7.9,112,2009,"Action, Sci-Fi, Thriller",625619,2009-08-13,Neill Blomkamp
tt0114814,10,2014-07-28,The Usual Suspects,https://www.imdb.com/title/tt0114814/,movie,8.5,106,1995,"Crime, Mystery, Thriller",956742,1995-01-25,Bryan Singer
tt1152836,7,2014-09-09,Public Enemies,https://www.imdb.com/title/tt1152836/,movie,7.0,140,2009,"Biography, Crime, Drama, History",273342,2009-06-18,Michael Mann
tt1156398,7,2014-11-04,Zombieland,https://www.imdb.com/title/tt1156398/,movie,7.6,88,2009,"Adventure, Comedy, Fantasy, Sci-Fi",504927,2009-09-25,Ruben Fleischer
tt0116852,6,2019-12-12,Leily Ba Man Ast,https://www.imdb.com/title/tt0116852/,movie,7.6,95,1996,"Adventure, Comedy, Drama, Romance, War",3865,1996-02-01,Kamal Tabrizi
tt1170393,7,2016-10-04,Dayereh-e zangi,https://www.imdb.com/title/tt1170393/,movie,6.9,110,2008,"Comedy, Drama",2802,2008-02-01,Parisa Bakhtavar
tt0117060,9,2015-02-18,Mission: Impossible,https://www.imdb.com/title/tt0117060/,movie,7.1,110,1996,"Action, Adventure, Thriller",375454,1996-05-20,Brian De Palma
tt1187043,8,2016-07-05,3 Idiots,https://www.imdb.com/title/tt1187043/,movie,8.4,170,2009,"Comedy, Drama",325296,2009-12-23,Rajkumar Hirani
tt0118849,8,2020-05-01,Bacheha-Ye aseman,https://www.imdb.com/title/tt0118849/,movie,8.3,89,1997,"Drama, Family, Sport",60585,1997-02-01,Majid Majidi
tt0119174,8,2014-09-03,The Game,https://www.imdb.com/title/tt0119174/,movie,7.8,129,1997,"Action, Drama, Mystery, Thriller",332157,1997-09-03,David Fincher
tt1192628,10,2015-01-17,Rango,https://www.imdb.com/title/tt1192628/,movie,7.2,107,2011,"Animation, Adventure, Comedy, Family, Western",228128,2011-02-14,Gore Verbinski
tt0119654,8,2014-09-09,Men in Black,https://www.imdb.com/title/tt0119654/,movie,7.3,98,1997,"Action, Adventure, Comedy, Sci-Fi",501813,1997-06-25,Barry Sonnenfeld
tt0120363,10,2014-08-28,Toy Story 2,https://www.imdb.com/title/tt0120363/,movie,7.9,92,1999,"Animation, Adventure, Comedy, Family, Fantasy",508624,1999-11-13,"John Lasseter, Ash Brannon, Lee Unkrich"
tt0120616,7,2015-01-25,The Mummy,https://www.imdb.com/title/tt0120616/,movie,7.0,124,1999,"Action, Adventure, Fantasy",380673,1999-04-16,Stephen Sommers
tt0120667,6,2016-07-07,Fantastic Four,https://www.imdb.com/title/tt0120667/,movie,5.7,106,2005,"Action, Adventure, Family, Fantasy, Sci-Fi",305692,2005-06-29,Tim Story
tt0120689,10,2014-08-21,The Green Mile,https://www.imdb.com/title/tt0120689/,movie,8.6,189,1999,"Crime, Drama, Fantasy, Mystery",1094111,1999-12-06,Frank Darabont
tt0120737,10,2014-05-23,The Lord of the Rings: The Fellowship of the Ring,https://www.imdb.com/title/tt0120737/,movie,8.8,178,2001,"Action, Adventure, Drama, Fantasy",1599303,2001-12-10,Peter Jackson
tt0120815,10,2016-02-17,Saving Private Ryan,https://www.imdb.com/title/tt0120815/,movie,8.6,169,1998,"Drama, War",1186887,1998-07-21,Steven Spielberg
tt0120855,8,2014-08-28,Tarzan,https://www.imdb.com/title/tt0120855/,movie,7.3,88,1999,"Animation, Adventure, Family, Romance",195489,1999-06-12,"Kevin Lima, Chris Buck"
tt0120912,2,2014-11-04,Men in Black II,https://www.imdb.com/title/tt0120912/,movie,6.2,88,2002,"Action, Adventure, Comedy, Mystery, Sci-Fi",333420,2002-07-03,Barry Sonnenfeld
tt0121164,10,2015-02-18,Corpse Bride,https://www.imdb.com/title/tt0121164/,movie,7.3,77,2005,"Animation, Drama, Family, Fantasy, Musical, Romance",234665,2005-09-07,"Tim Burton, Mike Johnson"
tt1211837,9,2018-02-21,Doctor Strange,https://www.imdb.com/title/tt1211837/,movie,7.5,115,2016,"Action, Adventure, Fantasy, Sci-Fi",568852,2016-10-13,Scott Derrickson
tt1213641,8,2019-08-03,First Man,https://www.imdb.com/title/tt1213641/,movie,7.3,141,2018,"Biography, Drama, History",152644,2018-08-29,Damien Chazelle
tt1217209,7,2014-09-09,Brave,https://www.imdb.com/title/tt1217209/,movie,7.1,93,2012,"Animation, Adventure, Comedy, Family, Fantasy",360117,2012-06-10,"Steve Purcell, Mark Andrews, Brenda Chapman"
tt1219289,8,2014-10-24,Limitless,https://www.imdb.com/title/tt1219289/,movie,7.4,105,2011,"Sci-Fi, Thriller",514571,2011-03-08,Neil Burger
tt1228705,8,2014-09-01,Iron Man 2,https://www.imdb.com/title/tt1228705/,movie,7.0,124,2010,"Action, Adventure, Sci-Fi",698529,2010-04-26,Jon Favreau
tt1234721,6,2017-12-06,RoboCop,https://www.imdb.com/title/tt1234721/,movie,6.1,117,2014,"Action, Crime, Sci-Fi, Thriller",212129,2014-01-30,José Padilha
tt1243957,5,2019-08-29,The Tourist,https://www.imdb.com/title/tt1243957/,movie,6.0,103,2010,"Action, Adventure, Crime, Mystery, Romance, Thriller",217407,2010-12-06,Florian Henckel von Donnersmarck
tt1245104,10,2015-02-18,Presto,https://www.imdb.com/title/tt1245104/,short,8.4,5,2008,"Animation, Short, Comedy, Family, Fantasy",21980,2008-06-10,Doug Sweetland
tt1250777,8,2017-06-19,Kick-Ass,https://www.imdb.com/title/tt1250777/,movie,7.6,117,2010,"Action, Comedy, Crime",514334,2010-03-12,Matthew Vaughn
tt0126029,10,2014-09-03,Shrek,https://www.imdb.com/title/tt0126029/,movie,7.8,90,2001,"Animation, Adventure, Comedy, Family, Fantasy",593844,2001-04-22,"Vicky Jenson, Andrew Adamson"
tt1276104,9,2015-01-02,Looper,https://www.imdb.com/title/tt1276104/,movie,7.4,113,2012,"Action, Adventure, Crime, Drama, Sci-Fi, Thriller",521277,2012-09-06,Rian Johnson
tt1291150,6,2014-12-11,Teenage Mutant Ninja Turtles,https://www.imdb.com/title/tt1291150/,movie,5.8,101,2014,"Action, Adventure, Comedy, Sci-Fi",197192,2014-08-03,Jonathan Liebesman
tt1300854,8,2019-12-12,Iron Man Three,https://www.imdb.com/title/tt1300854/,movie,7.2,130,2013,"Action, Adventure, Sci-Fi",732244,2013-04-12,Shane Black
tt1306980,8,2019-09-06,50/50,https://www.imdb.com/title/tt1306980/,movie,7.6,100,2011,"Comedy, Drama, Romance",309747,2011-09-12,Jonathan Levine
tt0131409,10,2015-02-18,Geri's Game,https://www.imdb.com/title/tt0131409/,short,7.9,4,1997,"Animation, Short, Family",21983,1997-11-25,Jan Pinkava
tt1323594,8,2015-09-25,Despicable Me,https://www.imdb.com/title/tt1323594/,movie,7.6,95,2010,"Animation, Comedy, Family, Fantasy",486532,2010-06-20,"Chris Renaud, Pierre Coffin"
tt0133093,10,2014-07-28,The Matrix,https://www.imdb.com/title/tt0133093/,movie,8.7,136,1999,"Action, Sci-Fi",1610065,1999-03-24,"Lilly Wachowski, Lana Wachowski"
tt1343092,7,2014-08-28,The Great Gatsby,https://www.imdb.com/title/tt1343092/,movie,7.2,143,2013,"Drama, Romance",460214,2013-05-01,Baz Luhrmann
tt1345836,10,2014-06-03,The Dark Knight Rises,https://www.imdb.com/title/tt1345836/,movie,8.4,164,2012,"Action, Adventure",1463184,2012-07-16,Christopher Nolan
tt1360860,10,2014-08-28,Darbareye Elly,https://www.imdb.com/title/tt1360860/,movie,8.0,119,2009,"Drama, Mystery, Thriller",42470,2009-02-01,Asghar Farhadi
tt1371111,7,2015-06-08,Cloud Atlas,https://www.imdb.com/title/tt1371111/,movie,7.4,172,2012,"Action, Drama, Mystery, Sci-Fi",337359,2012-09-08,"Lilly Wachowski, Lana Wachowski, Tom Tykwer"
tt0137523,10,2013-12-02,Fight Club,https://www.imdb.com/title/tt0137523/,movie,8.8,139,1999,Drama,1785006,1999-09-10,David Fincher
tt1375666,10,2014-07-28,Inception,https://www.imdb.com/title/tt1375666/,movie,8.8,148,2010,"Action, Adventure, Sci-Fi, Thriller",1966853,2010-07-08,Christopher Nolan
tt1392190,9,2015-09-28,Mad Max: Fury Road,https://www.imdb.com/title/tt1392190/,movie,8.1,120,2015,"Action, Adventure, Sci-Fi, Thriller",841319,2015-05-07,George Miller
tt1392214,10,2014-05-25,Prisoners,https://www.imdb.com/title/tt1392214/,movie,8.1,153,2013,"Crime, Drama, Mystery, Thriller",570333,2013-08-30,Denis Villeneuve
tt0139654,9,2016-01-14,Training Day,https://www.imdb.com/title/tt0139654/,movie,7.7,122,2001,"Crime, Drama, Thriller",375909,2001-09-02,Antoine Fuqua
tt1399683,8,2018-02-21,Winter's Bone,https://www.imdb.com/title/tt1399683/,movie,7.2,100,2010,"Drama, Mystery",132359,2010-01-21,Debra Granik
tt1403865,8,2014-09-09,True Grit,https://www.imdb.com/title/tt1403865/,movie,7.6,110,2010,"Drama, Western",300055,2010-12-14,"Ethan Coen, Joel Coen"
tt1408101,9,2015-02-02,Star Trek Into Darkness,https://www.imdb.com/title/tt1408101/,movie,7.7,132,2013,"Action, Adventure, Sci-Fi",456024,2013-05-02,J.J. Abrams
tt1409024,6,2015-09-15,Men in Black 3,https://www.imdb.com/title/tt1409024/,movie,6.8,106,2012,"Action, Adventure, Comedy, Family, Sci-Fi",326417,2012-05-14,Barry Sonnenfeld
tt1417101,6,2016-10-04,Ketabe ghanouin,https://www.imdb.com/title/tt1417101/,movie,6.2,95,2009,"Drama, Romance",1562,2009-03-25,Maziar Miri
tt1425244,9,2015-02-18,Partly Cloudy,https://www.imdb.com/title/tt1425244/,short,8.2,6,2009,"Animation, Short, Comedy, Family, Fantasy",19378,2009-05-16,Peter Sohn
tt1426378,6,2020-04-05,Kasi az gorbehaye irani khabar nadareh,https://www.imdb.com/title/tt1426378/,movie,7.1,106,2009,"Drama, Music",6722,2009-05-14,Bahman Ghobadi
tt1431279,8,2016-10-04,Marde avazi,https://www.imdb.com/title/tt1431279/,movie,6.0,106,1998,"Comedy, Romance",1037,1998-12-31,Mohamad Reza Honarmand
tt1436562,9,2015-01-26,Rio,https://www.imdb.com/title/tt1436562/,movie,6.9,96,2011,"Animation, Adventure, Comedy, Crime, Family, Musical",200373,2011-03-22,Carlos Saldanha
tt1453405,10,2014-08-21,Monsters University,https://www.imdb.com/title/tt1453405/,movie,7.3,104,2013,"Animation, Adventure, Comedy, Family, Fantasy",310248,2013-06-05,Dan Scanlon
tt1454029,9,2015-01-25,The Help,https://www.imdb.com/title/tt1454029/,movie,8.1,146,2011,Drama,411843,2011-08-09,Tate Taylor
tt1454468,10,2014-07-28,Gravity,https://www.imdb.com/title/tt1454468/,movie,7.7,91,2013,"Drama, Sci-Fi, Thriller",747810,2013-08-28,Alfonso Cuarón
tt1482459,8,2014-08-28,The Lorax,https://www.imdb.com/title/tt1482459/,movie,6.4,86,2012,"Animation, Adventure, Comedy, Drama, Family, Fantasy, Musical",94699,2012-03-01,"Chris Renaud, Kyle Balda"
tt1490017,10,2014-07-21,The Lego Movie,https://www.imdb.com/title/tt1490017/,movie,7.7,100,2014,"Animation, Action, Adventure, Comedy, Family, Fantasy",316766,2014-02-01,"Christopher Miller, Phil Lord"
tt1504320,10,2014-07-28,The King's Speech,https://www.imdb.com/title/tt1504320/,movie,8.0,118,2010,"Biography, Drama, History",622168,2010-09-06,Tom Hooper
tt1517451,7,2020-05-06,A Star Is Born,https://www.imdb.com/title/tt1517451/,movie,7.7,136,2018,"Drama, Music, Romance",309016,2018-08-31,Bradley Cooper
tt1528100,6,2015-03-12,Exodus: Gods and Kings,https://www.imdb.com/title/tt1528100/,movie,6.0,150,2014,"Action, Drama, Fantasy",156230,2014-12-03,Ridley Scott
tt1535109,8,2016-07-07,Captain Phillips,https://www.imdb.com/title/tt1535109/,movie,7.8,134,2013,"Biography, Crime, Drama, Thriller",407146,2013-09-27,Paul Greengrass
tt1542344,8,2016-07-07,127 Hours,https://www.imdb.com/title/tt1542344/,movie,7.6,94,2010,"Biography, Drama",338805,2010-09-04,Danny Boyle
tt1605783,8,2015-01-29,Midnight in Paris,https://www.imdb.com/title/tt1605783/,movie,7.7,96,2011,"Comedy, Fantasy, Romance",373973,2011-05-11,Woody Allen
tt1623288,9,2016-07-07,ParaNorman,https://www.imdb.com/title/tt1623288/,movie,7.0,92,2012,"Animation, Adventure, Comedy, Family, Fantasy, Mystery",91107,2012-08-03,"Sam Fell, Chris Butler"
tt1631867,8,2015-06-03,Edge of Tomorrow,https://www.imdb.com/title/tt1631867/,movie,7.9,113,2014,"Action, Adventure, Sci-Fi",578460,2014-05-28,Doug Liman
tt1634122,8,2020-01-27,Johnny English Reborn,https://www.imdb.com/title/tt1634122/,movie,6.3,101,2011,"Action, Adventure, Comedy, Crime",116445,2011-09-15,Oliver Parker
tt1637725,8,2014-09-09,Ted,https://www.imdb.com/title/tt1637725/,movie,6.9,106,2012,Comedy,557588,2012-06-29,Seth MacFarlane
tt1645170,7,2015-01-29,The Dictator,https://www.imdb.com/title/tt1645170/,movie,6.4,83,2012,Comedy,264473,2012-05-16,Larry Charles
tt1655442,10,2014-08-28,The Artist,https://www.imdb.com/title/tt1655442/,movie,7.9,100,2011,"Comedy, Drama, Romance",225204,2011-05-15,Michel Hazanavicius
tt1670345,8,2017-06-05,Now You See Me,https://www.imdb.com/title/tt1670345/,movie,7.3,115,2013,"Crime, Mystery, Thriller",578992,2013-05-21,Louis Leterrier
tt0167260,10,2013-12-02,The Lord of the Rings: The Return of the King,https://www.imdb.com/title/tt0167260/,movie,8.9,201,2003,"Adventure, Drama, Fantasy",1585836,2003-12-01,Peter Jackson
tt0167261,10,2014-05-23,The Lord of the Rings: The Two Towers,https://www.imdb.com/title/tt0167261/,movie,8.7,179,2002,"Adventure, Drama, Fantasy",1432706,2002-12-05,Peter Jackson
tt0167404,10,2014-08-21,The Sixth Sense,https://www.imdb.com/title/tt0167404/,movie,8.1,107,1999,"Drama, Mystery, Thriller",884839,1999-08-02,M. Night Shyamalan
tt1690953,7,2015-09-25,Despicable Me 2,https://www.imdb.com/title/tt1690953/,movie,7.3,98,2013,"Animation, Adventure, Comedy, Family, Fantasy, Sci-Fi",359944,2013-06-16,"Chris Renaud, Pierre Coffin"
tt0169102,8,2016-07-05,Lagaan: Once Upon a Time in India,https://www.imdb.com/title/tt0169102/,movie,8.1,224,2001,"Adventure, Drama, Musical, Sport",100630,2001-06-15,Ashutosh Gowariker
tt1706450,1,2017-10-13,Molke Soleiman,https://www.imdb.com/title/tt1706450/,movie,6.3,110,2010,"Action, Drama, History, War",3547,2010-02-01,Shahriar Bahrani
tt1707386,8,2014-08-28,Les Misérables,https://www.imdb.com/title/tt1707386/,movie,7.6,158,2012,"Drama, History, Musical, Romance, War",299644,2012-12-05,Tom Hooper
tt1723121,7,2014-09-09,We're the Millers,https://www.imdb.com/title/tt1723121/,movie,7.0,110,2013,"Comedy, Crime",390350,2013-08-03,Rawson Marshall Thurber
tt0172495,10,2014-08-06,Gladiator,https://www.imdb.com/title/tt0172495/,movie,8.5,155,2000,"Action, Adventure, Drama",1290654,2000-05-01,Ridley Scott
tt1757050,8,2016-04-01,Dar Cheshm-e Baad,https://www.imdb.com/title/tt1757050/,tvSeries,7.8,,2008,"Drama, History",934,2008-11-05,
tt1772341,9,2014-08-28,Wreck-It Ralph,https://www.imdb.com/title/tt1772341/,movie,7.7,101,2012,"Animation, Adventure, Comedy, Family, Fantasy",367112,2012-11-01,Rich Moore
tt0177511,7,2016-02-10,Ajans-E Shisheh-I,https://www.imdb.com/title/tt0177511/,movie,7.9,114,1998,"Action, Drama, Romance, Thriller, War",5636,1998-02-01,Ebrahim Hatamikia
tt1798709,10,2014-09-09,Her,https://www.imdb.com/title/tt1798709/,movie,8.0,126,2013,"Drama, Romance, Sci-Fi",513794,2013-10-12,Spike Jonze
tt1800241,9,2014-11-03,American Hustle,https://www.imdb.com/title/tt1800241/,movie,7.2,138,2013,"Crime, Drama",436398,2013-12-12,David O. Russell
tt0180093,10,2014-07-28,Requiem for a Dream,https://www.imdb.com/title/tt0180093/,movie,8.3,102,2000,Drama,739398,2000-05-14,Darren Aronofsky
tt1816518,9,2016-11-17,Ernest et Célestine,https://www.imdb.com/title/tt1816518/,movie,7.9,80,2012,"Animation, Adventure, Comedy, Crime, Drama, Family, Fantasy",17374,2012-05-23,"Stéphane Aubier, Benjamin Renner, Vincent Patar"
tt1823672,7,2015-10-23,Chappie,https://www.imdb.com/title/tt1823672/,movie,6.8,120,2015,"Action, Crime, Drama, Sci-Fi, Thriller",223483,2015-03-04,Neill Blomkamp
tt1825683,8,2019-05-23,Black Panther,https://www.imdb.com/title/tt1825683/,movie,7.3,134,2018,"Action, Adventure, Sci-Fi",582317,2018-01-29,Ryan Coogler
tt1832382,9,2020-05-01,Jodaeiye Nader az Simin,https://www.imdb.com/title/tt1832382/,movie,8.3,123,2011,Drama,211039,2011-02-01,Asghar Farhadi
tt0183649,9,2015-01-29,Phone Booth,https://www.imdb.com/title/tt0183649/,movie,7.0,81,2002,"Crime, Thriller",245479,2002-09-10,Joel Schumacher
tt1843849,6,2020-05-04,Asb heyvan-e najibi ast,https://www.imdb.com/title/tt1843849/,movie,6.7,89,2011,"Comedy, Drama",1773,2011-02-01,Abdolreza Kahani
tt1843866,9,2014-12-11,Captain America: The Winter Soldier,https://www.imdb.com/title/tt1843866/,movie,7.7,136,2014,"Action, Adventure, Sci-Fi, Thriller",710687,2014-03-13,"Anthony Russo, Joe Russo"
tt1853728,10,2014-07-28,Django Unchained,https://www.imdb.com/title/tt1853728/,movie,8.4,165,2012,"Drama, Western",1298204,2012-12-11,Quentin Tarantino
tt1856101,10,2018-04-14,Blade Runner 2049,https://www.imdb.com/title/tt1856101/,movie,8.0,164,2017,"Action, Drama, Mystery, Sci-Fi, Thriller",430687,2017-10-03,Denis Villeneuve
tt1899353,8,2017-08-18,Serbuan maut,https://www.imdb.com/title/tt1899353/,movie,7.6,101,2011,"Action, Thriller",184903,2011-09-08,Gareth Evans
tt1921078,7,2019-12-12,Saint Petersburg,https://www.imdb.com/title/tt1921078/,movie,6.4,120,2010,"Comedy, Crime, Drama",3024,2010-10-06,Behruz Afkhami
tt1972591,4,2017-12-06,King Arthur: Legend of the Sword,https://www.imdb.com/title/tt1972591/,movie,6.7,126,2017,"Action, Adventure, Drama, Fantasy",183530,2017-04-27,Guy Ritchie
tt1981115,7,2014-08-28,Thor: The Dark World,https://www.imdb.com/title/tt1981115/,movie,6.9,112,2013,"Action, Adventure, Fantasy",575483,2013-10-22,Alan Taylor
tt1985266,7,2016-09-16,Vorood-e-Aghayan Mamnoo,https://www.imdb.com/title/tt1985266/,movie,6.7,102,2011,"Comedy, Drama, Romance",5112,2011-02-01,Rambod Javan
tt0198781,10,2014-07-28,"Monsters, Inc.",https://www.imdb.com/title/tt0198781/,movie,8.0,92,2001,"Animation, Adventure, Comedy, Family, Fantasy",785869,2001-10-28,"David Silverman, Pete Docter, Lee Unkrich"
tt2015381,8,2016-07-05,Guardians of the Galaxy,https://www.imdb.com/title/tt2015381/,movie,8.0,121,2014,"Action, Adventure, Comedy, Sci-Fi",1013088,2014-07-21,James Gunn
tt2024469,7,2015-03-21,Non-Stop,https://www.imdb.com/title/tt2024469/,movie,6.9,106,2014,"Action, Mystery, Thriller",244411,2014-01-27,Jaume Collet-Serra
tt2024544,9,2014-11-03,12 Years a Slave,https://www.imdb.com/title/tt2024544/,movie,8.1,134,2013,"Biography, Drama, History",615393,2013-08-30,Steve McQueen
tt0208092,9,2015-06-12,Snatch,https://www.imdb.com/title/tt0208092/,movie,8.3,104,2000,"Comedy, Crime",758101,2000-08-23,Guy Ritchie
tt0209144,10,2014-06-03,Memento,https://www.imdb.com/title/tt0209144/,movie,8.4,113,2000,"Mystery, Thriller",1084474,2000-09-05,Christopher Nolan
tt2096672,7,2015-12-11,Dumb and Dumber To,https://www.imdb.com/title/tt2096672/,movie,5.6,109,2014,Comedy,125073,2014-11-03,"Peter Farrelly, Bobby Farrelly"
tt2096673,9,2016-05-31,Inside Out,https://www.imdb.com/title/tt2096673/,movie,8.1,95,2015,"Animation, Adventure, Comedy, Drama, Family, Fantasy",582638,2015-05-18,"Pete Docter, Ronnie Del Carmen"
tt0211915,10,2014-07-28,Le fabuleux destin d'Amélie Poulain,https://www.imdb.com/title/tt0211915/,movie,8.3,122,2001,"Comedy, Romance",683659,2001-04-25,Jean-Pierre Jeunet
tt2119532,7,2018-04-14,Hacksaw Ridge,https://www.imdb.com/title/tt2119532/,movie,8.1,139,2016,"Biography, Drama, History, War",408729,2016-09-04,Mel Gibson
tt0021749,9,2014-07-28,City Lights,https://www.imdb.com/title/tt0021749/,movie,8.5,87,1931,"Comedy, Drama, Romance",159470,1931-01-30,Charles Chaplin
tt2179136,7,2015-06-04,American Sniper,https://www.imdb.com/title/tt2179136/,movie,7.3,133,2014,"Action, Biography, Drama, War",423867,2014-11-11,Clint Eastwood
tt2241035,6,2016-11-19,Be Range Arghavan,https://www.imdb.com/title/tt2241035/,movie,6.5,97,2010,"Drama, Thriller",1491,2010-02-01,Ebrahim Hatamikia
tt2245084,9,2015-09-25,Big Hero 6,https://www.imdb.com/title/tt2245084/,movie,7.8,102,2014,"Animation, Action, Adventure, Family, Sci-Fi",395799,2014-10-23,"Chris Williams, Don Hall"
tt2250912,7,2019-03-07,Spider-Man: Homecoming,https://www.imdb.com/title/tt2250912/,movie,7.4,133,2017,"Action, Adventure, Sci-Fi",484904,2017-06-28,Jon Watts
tt2267998,9,2015-01-22,Gone Girl,https://www.imdb.com/title/tt2267998/,movie,8.1,149,2014,"Drama, Mystery, Thriller",819399,2014-09-26,David Fincher
tt2279373,7,2015-06-03,The SpongeBob Movie: Sponge Out of Water,https://www.imdb.com/title/tt2279373/,movie,6.0,92,2015,"Animation, Adventure, Comedy, Family, Fantasy",46695,2015-01-28,"Mike Mitchell, Paul Tibbitt"
tt2293640,7,2015-09-25,Minions,https://www.imdb.com/title/tt2293640/,movie,6.4,91,2015,"Animation, Adventure, Comedy, Family, Sci-Fi",205405,2015-06-11,"Pierre Coffin, Kyle Balda"
tt2294629,7,2014-09-09,Frozen,https://www.imdb.com/title/tt2294629/,movie,7.4,102,2013,"Animation, Adventure, Comedy, Family, Fantasy, Musical",554765,2013-11-10,"Jennifer Lee, Chris Buck"
tt0234215,8,2014-08-28,The Matrix Reloaded,https://www.imdb.com/title/tt0234215/,movie,7.2,138,2003,"Action, Sci-Fi",500697,2003-05-07,"Lilly Wachowski, Lana Wachowski"
tt2357291,7,2015-01-26,Rio 2,https://www.imdb.com/title/tt2357291/,movie,6.3,101,2014,"Animation, Adventure, Comedy, Family, Musical",76772,2014-03-20,Carlos Saldanha
tt2369135,6,2015-03-21,Need for Speed,https://www.imdb.com/title/tt2369135/,movie,6.4,132,2014,"Action, Crime, Thriller",159872,2014-03-07,Scott Waugh
tt2379713,8,2017-01-07,Spectre,https://www.imdb.com/title/tt2379713/,movie,6.8,148,2015,"Action, Adventure, Thriller",372268,2015-10-26,Sam Mendes
tt2380307,10,2018-04-14,Coco,https://www.imdb.com/title/tt2380307/,movie,8.4,105,2017,"Animation, Adventure, Family, Fantasy, Music, Mystery",339559,2017-10-20,"Adrian Molina, Lee Unkrich"
tt2388725,10,2015-02-18,Paperman,https://www.imdb.com/title/tt2388725/,short,8.3,7,2012,"Animation, Short, Comedy, Family, Romance",30644,2012-11-02,John Kahrs
tt2395427,8,2015-09-25,Avengers: Age of Ultron,https://www.imdb.com/title/tt2395427/,movie,7.3,141,2015,"Action, Adventure, Sci-Fi",713606,2015-04-13,Joss Whedon
tt2397535,9,2019-12-12,Predestination,https://www.imdb.com/title/tt2397535/,movie,7.5,97,2014,"Action, Adventure, Drama, Mystery, Sci-Fi, Thriller",241230,2014-03-08,"Michael Spierig, Peter Spierig"
tt2404461,8,2015-06-03,Le passé,https://www.imdb.com/title/tt2404461/,movie,7.8,130,2013,"Drama, Mystery",43382,2013-05-17,Asghar Farhadi
tt0240772,9,2014-11-04,Ocean's Eleven,https://www.imdb.com/title/tt0240772/,movie,7.7,116,2001,"Crime, Thriller",498183,2001-12-05,Steven Soderbergh
tt0242653,5,2017-10-13,The Matrix Revolutions,https://www.imdb.com/title/tt0242653/,movie,6.8,129,2003,"Action, Sci-Fi",434868,2003-10-27,"Lilly Wachowski, Lana Wachowski"
tt0248808,9,2015-02-18,For the Birds,https://www.imdb.com/title/tt0248808/,short,8.0,3,2000,"Animation, Short, Comedy, Family",28220,2000-07-24,Ralph Eggleston
tt2493486,6,2016-04-01,Last Knights,https://www.imdb.com/title/tt2493486/,movie,6.2,115,2015,"Action, Drama, History, War",38107,2015-04-03,Kazuaki Kiriya
tt0253474,10,2014-07-28,The Pianist,https://www.imdb.com/title/tt0253474/,movie,8.5,150,2002,"Biography, Drama, Music, War",696419,2002-05-24,Roman Polanski
tt2557490,5,2014-11-04,A Million Ways to Die in the West,https://www.imdb.com/title/tt2557490/,movie,6.1,116,2014,"Comedy, Western",167117,2014-05-15,Seth MacFarlane
tt2582802,10,2015-02-12,Whiplash,https://www.imdb.com/title/tt2582802/,movie,8.5,106,2014,"Drama, Music",677117,2014-01-16,Damien Chazelle
tt2660888,8,2016-11-19,Star Trek Beyond,https://www.imdb.com/title/tt2660888/,movie,7.1,122,2016,"Action, Adventure, Sci-Fi, Thriller",220521,2016-07-20,Justin Lin
tt0268978,9,2020-05-01,A Beautiful Mind,https://www.imdb.com/title/tt0268978/,movie,8.2,135,2001,"Biography, Drama",817332,2001-12-13,Ron Howard
tt2692904,9,2017-08-01,Locke,https://www.imdb.com/title/tt2692904/,movie,7.1,85,2013,Drama,129611,2013-09-02,Steven Knight
tt2709768,8,2017-06-05,The Secret Life of Pets,https://www.imdb.com/title/tt2709768/,movie,6.5,87,2016,"Animation, Adventure, Comedy, Family",177005,2016-06-16,"Yarrow Cheney, Chris Renaud"
tt0274166,7,2020-01-27,Johnny English,https://www.imdb.com/title/tt0274166/,movie,6.2,89,2003,"Action, Adventure, Comedy",143400,2003-04-06,Peter Howitt
tt2802144,8,2020-05-07,Kingsman: The Secret Service,https://www.imdb.com/title/tt2802144/,movie,7.7,129,2014,"Action, Adventure, Comedy, Thriller",573198,2014-12-13,Matthew Vaughn
tt2848876,8,2015-08-28,The Painting Pool,https://www.imdb.com/title/tt2848876/,movie,7.4,92,2013,Drama,3194,2013-02-01,Maziar Miri
tt0285331,9,2015-06-03,24,https://www.imdb.com/title/tt0285331/,tvSeries,8.3,44,2001,"Action, Crime, Drama, Thriller",167249,2001-11-06,
tt0286106,7,2019-12-12,Signs,https://www.imdb.com/title/tt0286106/,movie,6.7,106,2002,"Drama, Mystery, Sci-Fi, Thriller",329001,2002-07-29,M. Night Shyamalan
tt2872718,9,2016-07-07,Nightcrawler,https://www.imdb.com/title/tt2872718/,movie,7.8,117,2014,"Crime, Drama, Thriller",440170,2014-09-05,Dan Gilroy
tt2872732,7,2015-09-15,Lucy,https://www.imdb.com/title/tt2872732/,movie,6.4,89,2014,"Action, Sci-Fi, Thriller",428136,2014-07-25,Luc Besson
tt2911666,8,2017-07-22,John Wick,https://www.imdb.com/title/tt2911666/,movie,7.4,101,2014,"Action, Crime, Thriller",510096,2014-09-19,"David Leitch, Chad Stahelski"
tt2948356,10,2016-05-31,Zootopia,https://www.imdb.com/title/tt2948356/,movie,8.0,108,2016,"Animation, Adventure, Comedy, Crime, Family, Mystery",414330,2016-02-11,"Rich Moore, Jared Bush, Byron Howard"
tt2975590,5,2016-10-04,Batman v Superman: Dawn of Justice,https://www.imdb.com/title/tt2975590/,movie,6.5,151,2016,"Action, Adventure, Sci-Fi",605433,2016-03-12,Zack Snyder
tt0298148,9,2014-08-28,Shrek 2,https://www.imdb.com/title/tt0298148/,movie,7.2,93,2004,"Animation, Adventure, Comedy, Family, Fantasy, Romance",405495,2004-05-08,"Conrad Vernon, Kelly Asbury, Andrew Adamson"
tt2994190,7,2015-06-03,Camp X-Ray,https://www.imdb.com/title/tt2994190/,movie,6.9,117,2014,"Drama, War",38406,2014-01-17,Peter Sattler
tt3060492,8,2017-10-13,Before I Disappear,https://www.imdb.com/title/tt3060492/,movie,7.2,93,2014,Drama,8924,2014-03-10,Shawn Christensen
tt3110958,7,2017-10-13,Now You See Me 2,https://www.imdb.com/title/tt3110958/,movie,6.5,129,2016,"Action, Adventure, Comedy, Crime, Mystery, Thriller",236379,2016-06-02,Jon M. Chu
tt0312004,9,2016-07-07,The Curse of the Were-Rabbit,https://www.imdb.com/title/tt0312004/,movie,7.4,85,2005,"Animation, Adventure, Comedy, Family, Fantasy, Horror, Mystery, Sci-Fi",121748,2005-09-04,"Steve Box, Nick Park"
tt0315327,8,2020-01-27,Bruce Almighty,https://www.imdb.com/title/tt0315327/,movie,6.8,101,2003,"Comedy, Drama, Fantasy",361976,2003-05-14,Tom Shadyac
tt0317219,8,2015-02-01,Cars,https://www.imdb.com/title/tt0317219/,movie,7.1,117,2006,"Animation, Comedy, Family, Sport",352899,2006-03-14,"John Lasseter, Joe Ranft"
tt0317705,9,2014-08-28,The Incredibles,https://www.imdb.com/title/tt0317705/,movie,8.0,115,2004,"Animation, Action, Adventure, Family",636226,2004-10-27,Brad Bird
tt0032553,10,2014-07-28,The Great Dictator,https://www.imdb.com/title/tt0032553/,movie,8.4,125,1940,"Comedy, Drama, War",194016,1940-10-15,Charles Chaplin
tt3257072,9,2020-05-06,Mahi va gorbeh,https://www.imdb.com/title/tt3257072/,movie,7.3,134,2013,"Drama, Horror, Mystery",2174,2013-09-06,Shahram Mokri
tt0328832,7,2015-06-08,The Animatrix,https://www.imdb.com/title/tt0328832/,video,7.4,100,2003,"Animation, Action, Adventure, Sci-Fi",69922,2003-04-17,"Yoshiaki Kawajiri, Shin'ichirô Watanabe, Peter Chung, Takeshi Koike, Kôji Morimoto, Mahiro Maeda, Andrew R. Jones"
tt3300542,5,2016-10-04,London Has Fallen,https://www.imdb.com/title/tt3300542/,movie,5.9,99,2016,"Action, Thriller",139072,2016-03-01,Babak Najafi
tt0337978,9,2014-08-28,Live Free or Die Hard,https://www.imdb.com/title/tt0337978/,movie,7.1,128,2007,"Action, Thriller",381619,2007-06-12,Len Wiseman
tt0338013,10,2014-08-06,Eternal Sunshine of the Spotless Mind,https://www.imdb.com/title/tt0338013/,movie,8.3,108,2004,"Drama, Romance, Sci-Fi",877023,2004-03-09,Michel Gondry
tt0339291,8,2017-04-10,A Series of Unfortunate Events,https://www.imdb.com/title/tt0339291/,movie,6.8,108,2004,"Adventure, Comedy, Family, Fantasy",191397,2004-12-16,Brad Silberling
tt3402236,7,2018-04-14,Murder on the Orient Express,https://www.imdb.com/title/tt3402236/,movie,6.5,114,2017,"Crime, Drama, Mystery",198664,2017-11-03,Kenneth Branagh
tt0343818,8,2014-11-04,"I, Robot",https://www.imdb.com/title/tt0343818/,movie,7.1,115,2004,"Action, Drama, Sci-Fi, Thriller",486443,2004-07-07,Alex Proyas
tt0034583,9,2014-08-21,Casablanca,https://www.imdb.com/title/tt0034583/,movie,8.5,102,1942,"Drama, Romance, War",503287,1942-11-26,Michael Curtiz
tt3498820,9,2018-02-09,Captain America: Civil War,https://www.imdb.com/title/tt3498820/,movie,7.8,147,2016,"Action, Adventure, Sci-Fi",634504,2016-04-12,"Anthony Russo, Joe Russo"
tt0349903,7,2015-08-18,Ocean's Twelve,https://www.imdb.com/title/tt0349903/,movie,6.5,125,2004,"Crime, Thriller",347560,2004-12-08,Steven Soderbergh
tt3501632,8,2019-03-07,Thor: Ragnarok,https://www.imdb.com/title/tt3501632/,movie,7.9,130,2017,"Action, Adventure, Comedy, Fantasy, Sci-Fi",552284,2017-10-10,Taika Waititi
tt0358273,9,2015-06-03,Walk the Line,https://www.imdb.com/title/tt0358273/,movie,7.8,136,2005,"Biography, Drama, Music, Romance",226963,2005-09-04,James Mangold
tt0360486,9,2019-12-12,Constantine,https://www.imdb.com/title/tt0360486/,movie,7.0,121,2005,"Action, Fantasy, Horror, Mystery",294735,2005-02-07,Francis Lawrence
tt0364569,10,2015-01-19,Oldeuboi,https://www.imdb.com/title/tt0364569/,movie,8.4,120,2003,"Action, Drama, Mystery, Thriller",493152,2003-11-21,Chan-wook Park
tt0367110,6,2014-08-06,"Swades: We, the People",https://www.imdb.com/title/tt0367110/,movie,8.2,210,2004,Drama,79412,2004-12-17,Ashutosh Gowariker
tt0368447,8,2019-12-24,The Village,https://www.imdb.com/title/tt0368447/,movie,6.5,108,2004,"Drama, Mystery, Thriller",236499,2004-07-26,M. Night Shyamalan
tt0371746,9,2014-08-28,Iron Man,https://www.imdb.com/title/tt0371746/,movie,7.9,126,2008,"Action, Adventure, Sci-Fi",911840,2008-04-14,Jon Favreau
tt0372784,9,2020-05-01,Batman Begins,https://www.imdb.com/title/tt0372784/,movie,8.2,140,2005,"Action, Adventure",1262589,2005-05-31,Christopher Nolan
tt3741834,8,2018-01-28,Lion,https://www.imdb.com/title/tt3741834/,movie,8.0,118,2016,"Biography, Drama",202219,2016-09-10,Garth Davis
tt0375679,10,2015-01-05,Crash,https://www.imdb.com/title/tt0375679/,movie,7.8,112,2004,"Crime, Drama, Thriller",412290,2004-09-10,Paul Haggis
tt3783958,8,2017-10-13,La La Land,https://www.imdb.com/title/tt3783958/,movie,8.0,128,2016,"Comedy, Drama, Music, Musical, Romance",478245,2016-08-31,Damien Chazelle
tt0381061,9,2019-12-12,Casino Royale,https://www.imdb.com/title/tt0381061/,movie,8.0,144,2006,"Action, Adventure, Thriller",564589,2006-11-14,Martin Campbell
tt0382932,10,2014-09-09,Ratatouille,https://www.imdb.com/title/tt0382932/,movie,8.0,111,2007,"Animation, Adventure, Comedy, Drama, Family, Fantasy",616919,2007-06-22,"Brad Bird, Jan Pinkava"
tt0385277,4,2019-12-12,Santouri,https://www.imdb.com/title/tt0385277/,movie,7.5,107,2007,"Drama, Musical, Romance",7271,2007-02-01,Dariush Mehrjui
tt0386676,10,2016-09-13,The Office,https://www.imdb.com/title/tt0386676/,tvSeries,8.9,22,2005,Comedy,359620,2005-03-24,
tt0387564,9,2014-09-09,Saw,https://www.imdb.com/title/tt0387564/,movie,7.6,103,2004,"Horror, Mystery",368172,2004-01-19,James Wan
tt3890160,9,2019-12-12,Baby Driver,https://www.imdb.com/title/tt3890160/,movie,7.6,113,2017,"Action, Crime, Drama, Music, Thriller",411610,2017-03-11,Edgar Wright
tt3896198,8,2017-08-12,Guardians of the Galaxy Vol. 2,https://www.imdb.com/title/tt3896198/,movie,7.6,136,2017,"Action, Adventure, Comedy, Sci-Fi",540010,2017-04-10,James Gunn
tt0395479,8,2015-02-18,Boundin',https://www.imdb.com/title/tt0395479/,short,7.0,5,2003,"Animation, Short, Comedy, Family, Musical",12418,2003-12-01,"Roger Gould, Bud Luckey"
tt0398286,9,2015-06-03,Tangled,https://www.imdb.com/title/tt0398286/,movie,7.7,100,2010,"Animation, Adventure, Comedy, Family, Fantasy, Musical, Romance",391079,2010-11-24,"Byron Howard, Nathan Greno"
tt0401394,8,2020-05-06,Duel,https://www.imdb.com/title/tt0401394/,movie,6.4,133,2004,"Action, Drama, War",1157,2004-02-01,Ahmad Reza Darvish
tt0405149,7,2016-10-04,Mehman-e maman,https://www.imdb.com/title/tt0405149/,movie,7.1,103,2004,"Comedy, Drama",3396,2004-02-01,Dariush Mehrjui
tt0408236,9,2015-02-18,Sweeney Todd: The Demon Barber of Fleet Street,https://www.imdb.com/title/tt0408236/,movie,7.3,116,2007,"Drama, Horror, Musical, Thriller",334534,2007-12-03,Tim Burton
tt0411008,8,2017-10-13,Lost,https://www.imdb.com/title/tt0411008/,tvSeries,8.3,44,2004,"Adventure, Drama, Fantasy, Mystery, Sci-Fi, Thriller",476381,2004-09-22,
tt0413267,7,2015-06-03,Shrek the Third,https://www.imdb.com/title/tt0413267/,movie,6.1,93,2007,"Animation, Adventure, Comedy, Family, Fantasy",271286,2007-05-06,"Chris Miller, Raman Hui"
tt0413300,6,2016-01-09,Spider-Man 3,https://www.imdb.com/title/tt0413300/,movie,6.2,139,2007,"Action, Adventure, Sci-Fi",484552,2007-04-03,Sam Raimi
tt4154664,7,2020-03-15,Captain Marvel,https://www.imdb.com/title/tt4154664/,movie,6.9,123,2019,"Action, Adventure, Sci-Fi",412663,2019-02-27,"Anna Boden, Ryan Fleck"
tt4154756,10,2019-05-23,Avengers: Infinity War,https://www.imdb.com/title/tt4154756/,movie,8.5,149,2018,"Action, Adventure, Sci-Fi",776360,2018-04-23,"Anthony Russo, Joe Russo"
tt4154796,10,2020-03-16,Avengers: Endgame,https://www.imdb.com/title/tt4154796/,movie,8.4,181,2019,"Action, Adventure, Drama, Sci-Fi",721298,2019-04-22,"Anthony Russo, Joe Russo"
tt0416960,9,2016-02-10,Marmoulak,https://www.imdb.com/title/tt0416960/,movie,8.5,115,2004,"Comedy, Drama",13382,2004-02-04,Kamal Tabrizi
tt0418279,7,2014-08-28,Transformers,https://www.imdb.com/title/tt0418279/,movie,7.0,144,2007,"Action, Adventure, Sci-Fi",585148,2007-06-12,Michael Bay
tt0432283,9,2015-01-22,Fantastic Mr. Fox,https://www.imdb.com/title/tt0432283/,movie,7.9,87,2009,"Animation, Adventure, Comedy, Crime, Drama, Family",189291,2009-10-14,Wes Anderson
tt0432348,7,2014-09-09,Saw II,https://www.imdb.com/title/tt0432348/,movie,6.6,93,2005,"Horror, Mystery",226936,2005-10-28,Darren Lynn Bousman
tt0434409,10,2014-07-28,V for Vendetta,https://www.imdb.com/title/tt0434409/,movie,8.2,132,2005,"Action, Drama, Sci-Fi, Thriller",997074,2005-12-11,James McTeigue
tt0435670,4,2015-06-03,The Invisible,https://www.imdb.com/title/tt0435670/,movie,6.2,102,2007,"Crime, Drama, Fantasy, Mystery, Thriller",34294,2007-04-08,David S. Goyer
tt0435761,10,2014-07-28,Toy Story 3,https://www.imdb.com/title/tt0435761/,movie,8.3,103,2010,"Animation, Adventure, Comedy, Family, Fantasy",731201,2010-06-12,Lee Unkrich
tt0438097,8,2014-09-09,Ice Age: The Meltdown,https://www.imdb.com/title/tt0438097/,movie,6.8,91,2006,"Animation, Adventure, Comedy, Family, Fantasy",248342,2006-03-29,Carlos Saldanha
tt0438488,7,2015-08-30,Terminator Salvation,https://www.imdb.com/title/tt0438488/,movie,6.5,115,2009,"Action, Adventure, Sci-Fi",336423,2009-05-14,McG
tt0441773,9,2014-11-03,Kung Fu Panda,https://www.imdb.com/title/tt0441773/,movie,7.5,92,2008,"Animation, Action, Adventure, Comedy, Family",404576,2008-05-15,"John Stevenson, Mark Osborne"
tt0443706,9,2014-09-03,Zodiac,https://www.imdb.com/title/tt0443706/,movie,7.7,157,2007,"Crime, Drama, Mystery, Thriller",431842,2007-02-28,David Fincher
tt0448157,7,2014-08-28,Hancock,https://www.imdb.com/title/tt0448157/,movie,6.4,92,2008,"Action, Fantasy",432907,2008-06-16,Peter Berg
tt0450259,9,2019-12-12,Blood Diamond,https://www.imdb.com/title/tt0450259/,movie,8.0,143,2006,"Adventure, Drama, Thriller",484240,2006-12-06,Edward Zwick
tt0451079,8,2017-01-07,Horton Hears a Who!,https://www.imdb.com/title/tt0451079/,movie,6.8,86,2008,"Animation, Adventure, Comedy, Family, Fantasy",126343,2008-03-03,"Jimmy Hayward, Steve Martino"
tt4532764,7,2017-06-11,Rokhe Divaneh,https://www.imdb.com/title/tt4532764/,movie,6.9,110,2015,"Drama, Thriller",1562,2015-02-01,Abolhassan Davoodi
tt0454848,9,2014-09-09,Inside Man,https://www.imdb.com/title/tt0454848/,movie,7.6,129,2006,"Crime, Drama, Mystery, Thriller",326418,2006-03-16,Spike Lee
tt0454921,9,2014-10-24,The Pursuit of Happyness,https://www.imdb.com/title/tt0454921/,movie,8.0,117,2006,"Biography, Drama",430608,2006-12-15,Gabriele Muccino
tt0455565,8,2015-02-18,Jack-Jack Attack,https://www.imdb.com/title/tt0455565/,video,7.6,5,2005,"Animation, Short, Adventure, Comedy, Family",13935,2005-03-15,Brad Bird
tt0457430,10,2014-07-28,El laberinto del fauno,https://www.imdb.com/title/tt0457430/,movie,8.2,118,2006,"Drama, Fantasy, War",600285,2006-05-27,Guillermo del Toro
tt0458339,5,2016-04-01,Captain America: The First Avenger,https://www.imdb.com/title/tt0458339/,movie,6.9,124,2011,"Action, Adventure, Sci-Fi",714822,2011-07-19,Joe Johnston
tt0460649,8,2014-08-27,How I Met Your Mother,https://www.imdb.com/title/tt0460649/,tvSeries,8.3,22,2005,"Comedy, Romance",575150,2005-09-19,
tt4624424,8,2017-06-05,Storks,https://www.imdb.com/title/tt4624424/,movie,6.8,87,2016,"Animation, Adventure, Comedy, Family, Fantasy",54006,2016-09-22,"Nicholas Stoller, Doug Sweetland"
tt0462538,9,2014-09-09,The Simpsons Movie,https://www.imdb.com/title/tt0462538/,movie,7.3,87,2007,"Animation, Adventure, Comedy",302707,2007-07-21,David Silverman
tt4649466,6,2020-05-07,Kingsman: The Golden Circle,https://www.imdb.com/title/tt4649466/,movie,6.7,141,2017,"Action, Adventure, Comedy, Crime, Thriller",256687,2017-09-20,Matthew Vaughn
tt0465494,7,2015-02-02,Hitman,https://www.imdb.com/title/tt0465494/,movie,6.3,100,2007,"Action, Crime, Thriller",157891,2007-11-21,Xavier Gens
tt0467197,4,2015-02-18,Max Payne,https://www.imdb.com/title/tt0467197/,movie,5.4,100,2008,"Action, Crime, Drama, Thriller",120378,2008-10-13,John Moore
tt4676238,7,2017-10-20,La Dream Team,https://www.imdb.com/title/tt4676238/,movie,5.5,95,2016,"Comedy, Sport",551,2016-03-16,Thomas Sorriaux
tt0468569,10,2013-12-02,The Dark Knight,https://www.imdb.com/title/tt0468569/,movie,9.0,152,2008,"Action, Crime, Drama, Thriller",2212741,2008-07-14,Christopher Nolan
tt0469494,10,2014-08-21,There Will Be Blood,https://www.imdb.com/title/tt0469494/,movie,8.2,158,2007,Drama,494765,2007-09-27,Paul Thomas Anderson
tt0473075,4,2015-06-03,Prince of Persia: The Sands of Time,https://www.imdb.com/title/tt0473075/,movie,6.6,116,2010,"Action, Adventure, Fantasy",265598,2010-05-09,Mike Newell
tt0478087,8,2015-02-02,21,https://www.imdb.com/title/tt0478087/,movie,6.8,123,2008,"Crime, Drama, History, Thriller",223503,2008-03-07,Robert Luketic
tt0478970,8,2018-01-28,Ant-Man,https://www.imdb.com/title/tt0478970/,movie,7.3,117,2015,"Action, Adventure, Comedy, Sci-Fi",545483,2015-06-29,Peyton Reed
tt0479113,8,2015-02-18,One Man Band,https://www.imdb.com/title/tt0479113/,short,7.7,4,2005,"Animation, Short, Comedy, Family, Music",14273,2005-08-06,"Andrew Jimenez, Mark Andrews"
tt0482571,10,2014-07-28,The Prestige,https://www.imdb.com/title/tt0482571/,movie,8.5,130,2006,"Drama, Mystery, Sci-Fi, Thriller",1136745,2006-10-17,Christopher Nolan
tt0487831,8,2015-08-16,The IT Crowd,https://www.imdb.com/title/tt0487831/,tvSeries,8.5,25,2006,Comedy,127019,2006-02-03,
tt0489270,6,2014-09-09,Saw III,https://www.imdb.com/title/tt0489270/,movie,6.2,108,2006,"Crime, Horror, Mystery, Thriller",173685,2006-10-26,Darren Lynn Bousman
tt4920274,8,2017-07-04,Regular Show: The Movie,https://www.imdb.com/title/tt4920274/,movie,7.4,69,2015,"Animation, Action, Adventure, Comedy, Family, Fantasy, Sci-Fi",2609,2015-08-14,J.G. Quintel
tt0050083,10,2014-11-06,12 Angry Men,https://www.imdb.com/title/tt0050083/,movie,8.9,96,1957,"Crime, Drama",656583,1957-04-10,Sidney Lumet
tt5013056,8,2020-05-01,Dunkirk,https://www.imdb.com/title/tt5013056/,movie,7.9,106,2017,"Action, Drama, History, Thriller, War",517866,2017-07-13,Christopher Nolan
tt5027774,10,2018-02-19,"Three Billboards Outside Ebbing, Missouri",https://www.imdb.com/title/tt5027774/,movie,8.2,115,2017,"Comedy, Crime, Drama",399670,2017-09-04,Martin McDonagh
tt5052448,8,2018-04-14,Get Out,https://www.imdb.com/title/tt5052448/,movie,7.7,104,2017,"Horror, Mystery, Thriller",460476,2017-01-23,Jordan Peele
tt5095030,7,2020-03-16,Ant-Man and the Wasp,https://www.imdb.com/title/tt5095030/,movie,7.1,118,2018,"Action, Adventure, Comedy, Sci-Fi",287590,2018-06-25,Peyton Reed
tt5463378,9,2017-06-11,Ejdeha Vared Mishavad!,https://www.imdb.com/title/tt5463378/,movie,6.7,105,2016,"Drama, Horror, Mystery",1958,2016-02-01,Mani Haghighi
tt5463510,6,2016-09-16,Lantouri,https://www.imdb.com/title/tt5463510/,movie,6.4,111,2016,"Action, Crime, Drama, Romance",2560,2016-02-01,Reza Dormishian
tt5468300,9,2018-02-21,Khashm Va Hayahoo,https://www.imdb.com/title/tt5468300/,movie,6.3,96,2016,"Drama, Mystery, Romance",2246,2016-02-11,Houman Seyyedi
tt0056592,10,2014-07-28,To Kill a Mockingbird,https://www.imdb.com/title/tt0056592/,movie,8.2,129,1962,"Crime, Drama",285663,1962-12-20,Robert Mulligan
tt5689610,3,2017-06-11,50 Kilo Albaloo,https://www.imdb.com/title/tt5689610/,movie,3.9,97,2016,"Comedy, Romance",808,2016-03-16,Mani Haghighi
tt0057413,7,2014-10-24,The Pink Panther,https://www.imdb.com/title/tt0057413/,movie,7.1,115,1963,"Comedy, Crime, Romance",46810,1963-12-18,Blake Edwards
tt0060196,10,2014-07-28,"Il buono, il brutto, il cattivo",https://www.imdb.com/title/tt0060196/,movie,8.8,161,1966,Western,662810,1966-12-23,Sergio Leone
tt6077448,8,2020-03-20,Sacred Games,https://www.imdb.com/title/tt6077448/,tvSeries,8.7,50,2018,"Action, Crime, Drama, Thriller",67191,2018-06-28,
tt6209470,5,2017-12-06,Rag-e Khab,https://www.imdb.com/title/tt6209470/,movie,6.1,103,2017,"Drama, Romance",1473,2017-02-01,Hamid Nematollah
tt6215588,7,2017-12-06,Negar,https://www.imdb.com/title/tt6215588/,movie,5.2,93,2017,"Action, Crime, Drama, Mystery, Thriller",826,2017-02-01,Rambod Javan
tt6217564,3,2018-02-21,Saat Panj é asr,https://www.imdb.com/title/tt6217564/,movie,4.7,90,2017,"Comedy, Drama",1601,2017-07-21,Mehran Modiri
tt6386210,10,2020-02-11,Revolting Rhymes: Revolting Rhymes Part One,https://www.imdb.com/title/tt6386210/,tvEpisode,7.7,29,2016,"Animation, Comedy",1742,2016-12-26,"Jakob Schuh, Bin-Han To, Jan Lachauer"
tt0068646,10,2013-12-02,The Godfather,https://www.imdb.com/title/tt0068646/,movie,9.2,175,1972,"Crime, Drama",1547948,1972-03-14,Francis Ford Coppola
tt6921996,7,2020-01-27,Johnny English Strikes Again,https://www.imdb.com/title/tt6921996/,movie,6.2,89,2018,"Action, Adventure, Comedy",57593,2018-09-13,David Kerr
tt7111402,6,2019-12-12,Oxidan,https://www.imdb.com/title/tt7111402/,movie,5.3,93,2017,"Comedy, Drama",1212,2017-06-21,Hamed Mohammadi
tt7129636,9,2020-03-24,Hair Love,https://www.imdb.com/title/tt7129636/,short,7.4,7,2019,"Animation, Short, Comedy, Drama, Family",4413,2019-08-14,"Matthew A. Cherry, Bruce W. Smith, Everett Downing Jr."
tt0071562,10,2013-12-02,The Godfather: Part II,https://www.imdb.com/title/tt0071562/,movie,9.0,202,1974,"Crime, Drama",1082167,1974-12-12,Francis Ford Coppola
tt0072890,10,2014-08-21,Dog Day Afternoon,https://www.imdb.com/title/tt0072890/,movie,8.0,125,1975,"Biography, Crime, Drama, Thriller",228072,1975-09-19,Sidney Lumet
tt0074896,9,2015-10-13,The Message,https://www.imdb.com/title/tt0074896/,movie,8.2,177,1976,"Biography, Drama, History, War",42281,1976-07-30,Moustapha Akkad
tt0075143,8,2017-07-10,Al-risâlah,https://www.imdb.com/title/tt0075143/,movie,8.9,207,1976,"Biography, Drama, History, War",6753,1976-12-31,Moustapha Akkad
tt0758774,8,2015-01-29,Body of Lies,https://www.imdb.com/title/tt0758774/,movie,7.1,128,2008,"Action, Drama, Thriller",208141,2008-10-05,Ridley Scott
tt0770828,7,2016-07-11,Man of Steel,https://www.imdb.com/title/tt0770828/,movie,7.0,143,2013,"Action, Adventure, Sci-Fi",672760,2013-06-10,Zack Snyder
tt0775489,9,2016-11-17,L'illusionniste,https://www.imdb.com/title/tt0775489/,movie,7.5,90,2010,"Animation, Drama, Family, Fantasy",32848,2010-02-16,Sylvain Chomet
tt0780061,8,2016-11-19,Kolah ghermezi va pesar khale,https://www.imdb.com/title/tt0780061/,movie,8.1,92,1995,"Adventure, Comedy, Family, Musical",2030,1995-02-01,Iraj Tahmasb
tt0796366,8,2015-02-02,Star Trek,https://www.imdb.com/title/tt0796366/,movie,7.9,127,2009,"Action, Adventure, Sci-Fi",568792,2009-04-06,J.J. Abrams
tt0800080,5,2016-04-01,The Incredible Hulk,https://www.imdb.com/title/tt0800080/,movie,6.7,112,2008,"Action, Adventure, Sci-Fi",422089,2008-06-06,Louis Leterrier
tt0800369,7,2015-01-05,Thor,https://www.imdb.com/title/tt0800369/,movie,7.0,115,2011,"Action, Adventure, Fantasy",723391,2011-04-17,Kenneth Branagh
tt0808417,8,2016-11-19,Persepolis,https://www.imdb.com/title/tt0808417/,movie,8.0,96,2007,"Animation, Biography, Drama, Family, History, War",86064,2007-05-23,"Vincent Paronnaud, Marjane Satrapi"
tt0813980,9,2014-08-28,24,https://www.imdb.com/title/tt0813980/,tvMovie,7.5,84,2008,"Action, Adventure, Crime, Drama, Thriller",26588,2008-11-23,Jon Cassar
tt0816692,10,2015-02-01,Interstellar,https://www.imdb.com/title/tt0816692/,movie,8.6,169,2014,"Adventure, Drama, Sci-Fi, Thriller",1417947,2014-10-26,Christopher Nolan
tt0816711,9,2014-08-21,World War Z,https://www.imdb.com/title/tt0816711/,movie,7.0,116,2013,"Action, Adventure, Horror, Sci-Fi",584045,2013-06-02,Marc Forster
tt0830515,6,2016-01-01,Quantum of Solace,https://www.imdb.com/title/tt0830515/,movie,6.6,106,2008,"Action, Adventure, Thriller",394120,2008-10-29,Marc Forster
tt0840361,9,2014-06-03,The Town,https://www.imdb.com/title/tt0840361/,movie,7.5,125,2010,"Crime, Drama, Thriller",339098,2010-09-08,Ben Affleck
tt0844471,8,2014-08-28,Cloudy with a Chance of Meatballs,https://www.imdb.com/title/tt0844471/,movie,6.9,90,2009,"Animation, Adventure, Comedy, Family, Fantasy, Sci-Fi",197309,2009-09-12,"Christopher Miller, Phil Lord"
tt0845439,9,2019-12-12,Chaharshanbe-soori,https://www.imdb.com/title/tt0845439/,movie,7.7,102,2006,"Drama, Mystery, Romance, Thriller",9405,2006-02-01,Asghar Farhadi
tt0848228,9,2015-02-02,The Avengers,https://www.imdb.com/title/tt0848228/,movie,8.0,143,2012,"Action, Adventure, Sci-Fi",1232074,2012-04-11,Joss Whedon
tt0848537,8,2014-09-09,Epic,https://www.imdb.com/title/tt0848537/,movie,6.7,102,2013,"Animation, Adventure, Family, Fantasy, Mystery, Thriller",98018,2013-05-01,Chris Wedge
tt8579674,9,2020-05-01,1917,https://www.imdb.com/title/tt8579674/,movie,8.3,119,2019,"Drama, War",316122,2019-12-04,Sam Mendes
tt8772262,7,2020-04-09,Midsommar,https://www.imdb.com/title/tt8772262/,movie,7.1,148,2019,"Drama, Horror, Mystery, Thriller",155147,2019-06-24,Ari Aster
tt0892769,10,2014-07-28,How to Train Your Dragon,https://www.imdb.com/title/tt0892769/,movie,8.1,98,2010,"Animation, Action, Adventure, Family, Fantasy",644032,2010-03-18,"Dean DeBlois, Chris Sanders"
tt0892791,6,2014-09-09,Shrek Forever After,https://www.imdb.com/title/tt0892791/,movie,6.3,93,2010,"Animation, Adventure, Comedy, Family, Fantasy, Romance",178067,2010-04-21,Mike Mitchell
tt0910970,9,2014-07-28,WALL·E,https://www.imdb.com/title/tt0910970/,movie,8.4,98,2008,"Animation, Adventure, Family, Sci-Fi",962788,2008-06-21,Andrew Stanton
tt0091455,9,2015-02-18,Luxo Jr.,https://www.imdb.com/title/tt0091455/,short,7.3,2,1986,"Animation, Short, Family",12546,1986-08-17,John Lasseter
tt0936501,9,2015-03-21,Taken,https://www.imdb.com/title/tt0936501/,movie,7.8,90,2008,"Action, Thriller",554209,2008-02-27,Pierre Morel
tt0944947,9,2020-05-01,Game of Thrones,https://www.imdb.com/title/tt0944947/,tvSeries,9.3,57,2011,"Action, Adventure, Drama, Fantasy, Romance",1677500,2011-04-17,
tt0945571,9,2015-02-18,Lifted,https://www.imdb.com/title/tt0945571/,short,7.8,5,2006,"Animation, Short, Comedy, Family, Sci-Fi",17362,2006-10-14,Gary Rydstrom
tt0949731,6,2016-07-07,The Happening,https://www.imdb.com/title/tt0949731/,movie,5.0,91,2008,"Drama, Mystery, Sci-Fi, Thriller",191861,2008-06-10,M. Night Shyamalan
tt0095016,9,2014-06-03,Die Hard,https://www.imdb.com/title/tt0095016/,movie,8.2,132,1988,"Action, Thriller",759843,1988-07-12,John McTiernan
tt0095655,2,2014-08-29,Moonwalker,https://www.imdb.com/title/tt0095655/,movie,6.1,93,1988,"Action, Crime, Fantasy, Music, Thriller",15451,1988-10-29,"Colin Chilvers, Jerry Kramer"
tt0096697,9,2015-06-03,The Simpsons,https://www.imdb.com/title/tt0096697/,tvSeries,8.7,22,1989,"Animation, Comedy",352201,1989-12-17,
tt0970179,6,2015-01-26,Hugo,https://www.imdb.com/title/tt0970179/,movie,7.5,126,2011,"Drama, Family, Fantasy, Mystery",296593,2011-10-10,Martin Scorsese
tt0978762,9,2014-07-28,Mary and Max,https://www.imdb.com/title/tt0978762/,movie,8.1,92,2009,"Animation, Comedy, Drama, Family",159032,2009-01-15,Adam Elliot
tt0983193,8,2015-01-29,The Adventures of Tintin,https://www.imdb.com/title/tt0983193/,movie,7.3,107,2011,"Animation, Action, Adventure, Family, Mystery",211159,2011-10-23,Steven Spielberg
