Position,Const,Created,Modified,Description,Title,URL,Title Type,IMDb Rating,Runtime (mins),Year,Genres,Num Votes,Release Date,Directors,Your Rating,Date Rated
1,tt0100234,2019-02-08,2019-02-08,,Nema-ye Nazdik,https://www.imdb.com/title/tt0100234/,movie,8.3,98,1990,"Biography, Crime, Drama",14388,1990-02-01,Abbas Kiarostami,,
2,tt0082050,2019-02-08,2019-02-08,,Be Tartib ya Bedoun-e Tartib,https://www.imdb.com/title/tt0082050/,short,6.5,17,1995,Short,323,1995-10-14,Abbas Kiarostami,,
3,tt0079204,2019-02-08,2019-02-08,,"Ghazieh-e Shekl-e Aval, Ghazieh-e Shekl-e Dou Wom",https://www.imdb.com/title/tt0079204/,movie,7.7,53,1979,"Documentary, Drama",462,1979-12-31,Abbas Kiarostami,,
4,tt0073344,2019-02-08,2019-02-08,,Man ham mitounam,https://www.imdb.com/title/tt0073344/,short,6.0,4,1975,Short,111,1975-12-31,Abbas Kiarostami,,
5,tt0072902,2019-02-08,2019-02-08,,Dow Rahehal Baraye yek Massaleh,https://www.imdb.com/title/tt0072902/,short,6.6,5,1975,Short,809,1975-12-31,Abbas Kiarostami,,
6,tt2076799,2019-02-08,2019-02-08,,Ashnaee ba Leila,https://www.imdb.com/title/tt2076799/,movie,5.3,87,2012,"Comedy, Drama, Romance",216,2012-10-17,Adel Yaraghi,,
7,tt2356777,2019-02-08,2019-02-08,,True Detective,https://www.imdb.com/title/tt2356777/,tvSeries,9.0,55,2014,"Crime, Drama, Mystery, Thriller",476628,2014-01-12,,,
8,tt0376541,2019-02-08,2019-02-08,,Closer,https://www.imdb.com/title/tt0376541/,movie,7.2,104,2004,"Drama, Romance",198009,2004-11-22,Mike Nichols,,
9,tt3606756,2019-02-08,2019-02-08,,Incredibles 2,https://www.imdb.com/title/tt3606756/,movie,7.6,118,2018,"Animation, Action, Adventure, Comedy, Family, Sci-Fi",233902,2018-06-05,Brad Bird,,
10,tt2161980,2019-02-08,2019-02-08,,Pele akher,https://www.imdb.com/title/tt2161980/,movie,7.2,88,2012,Drama,1222,2012-02-01,Ali Mosaffa,,
11,tt1683042,2019-02-08,2019-02-08,,Chiz-haie hast keh nemidani,https://www.imdb.com/title/tt1683042/,movie,7.2,92,2010,Drama,1128,2010-07-06,Fardin Saheb-Zamani,,
12,tt1113810,2019-02-08,2019-02-08,,Mim mesle madar,https://www.imdb.com/title/tt1113810/,movie,7.4,113,2006,Drama,4384,2006-10-25,Rasool Mollagholi Poor,,
13,tt0097814,2019-02-08,2019-02-08,,Majo no takkyûbin,https://www.imdb.com/title/tt0097814/,movie,7.8,103,1989,"Animation, Adventure, Drama, Family, Fantasy",113881,1989-07-29,Hayao Miyazaki,,
14,tt5355896,2020-03-09,2020-03-09,,Eterafate Zehne Khatarnake Man,https://www.imdb.com/title/tt5355896/,movie,5.7,90,2015,"Drama, Fantasy",418,2015-02-01,Houman Seyyedi,,
15,tt0111161,2020-03-09,2020-03-09,,The Shawshank Redemption,https://www.imdb.com/title/tt0111161/,movie,9.3,142,1994,Drama,2244311,1994-09-10,Frank Darabont,8,2019-02-08
16,tt0068646,2020-03-09,2020-03-09,,The Godfather,https://www.imdb.com/title/tt0068646/,movie,9.2,175,1972,"Crime, Drama",1548279,1972-03-14,Francis Ford Coppola,9,2019-02-08
17,tt0071562,2020-03-09,2020-03-09,,The Godfather: Part II,https://www.imdb.com/title/tt0071562/,movie,9.0,202,1974,"Crime, Drama",1082370,1974-12-12,Francis Ford Coppola,8,2019-02-08
18,tt0468569,2020-03-09,2020-03-09,,The Dark Knight,https://www.imdb.com/title/tt0468569/,movie,9.0,152,2008,"Action, Crime, Drama, Thriller",2213077,2008-07-14,Christopher Nolan,9,2019-02-08
19,tt0050083,2020-03-09,2020-03-09,,12 Angry Men,https://www.imdb.com/title/tt0050083/,movie,8.9,96,1957,"Crime, Drama",656749,1957-04-10,Sidney Lumet,10,2019-02-08
20,tt0108052,2020-03-09,2020-03-09,,Schindler's List,https://www.imdb.com/title/tt0108052/,movie,8.9,195,1993,"Biography, Drama, History",1166618,1993-11-30,Steven Spielberg,9,2019-02-08
21,tt0110912,2020-03-09,2020-03-09,,Pulp Fiction,https://www.imdb.com/title/tt0110912/,movie,8.9,154,1994,"Crime, Drama",1757827,1994-05-21,Quentin Tarantino,8,2019-02-08
22,tt0137523,2020-03-09,2020-03-09,,Fight Club,https://www.imdb.com/title/tt0137523/,movie,8.8,139,1999,Drama,1785262,1999-09-10,David Fincher,10,2019-02-08
23,tt0109830,2020-03-09,2020-03-09,,Forrest Gump,https://www.imdb.com/title/tt0109830/,movie,8.8,142,1994,"Drama, Romance",1730667,1994-06-23,Robert Zemeckis,9,2019-02-08
24,tt1375666,2020-03-09,2020-03-09,,Inception,https://www.imdb.com/title/tt1375666/,movie,8.8,148,2010,"Action, Adventure, Sci-Fi, Thriller",1967298,2010-07-08,Christopher Nolan,8,2019-02-08
25,tt0133093,2020-03-09,2020-03-09,,The Matrix,https://www.imdb.com/title/tt0133093/,movie,8.7,136,1999,"Action, Sci-Fi",1610308,1999-03-24,"Lilly Wachowski, Lana Wachowski",8,2019-02-08
26,tt0099685,2020-03-09,2020-03-09,,Goodfellas,https://www.imdb.com/title/tt0099685/,movie,8.7,146,1990,"Biography, Crime, Drama",976335,1990-09-09,Martin Scorsese,6,2019-02-08
27,tt0073486,2020-03-09,2020-03-09,,One Flew Over the Cuckoo's Nest,https://www.imdb.com/title/tt0073486/,movie,8.7,133,1975,Drama,880427,1975-11-19,Milos Forman,10,2019-02-08
28,tt0114369,2020-03-09,2020-03-09,,Se7en,https://www.imdb.com/title/tt0114369/,movie,8.6,127,1995,"Crime, Drama, Mystery, Thriller",1381477,1995-09-15,David Fincher,10,2019-02-08
29,tt0118799,2020-03-09,2020-03-09,,La vita è bella,https://www.imdb.com/title/tt0118799/,movie,8.6,116,1997,"Comedy, Drama, Romance, War",596765,1997-12-20,Roberto Benigni,10,2019-02-08
30,tt0102926,2020-03-09,2020-03-09,,The Silence of the Lambs,https://www.imdb.com/title/tt0102926/,movie,8.6,118,1991,"Crime, Drama, Thriller",1215258,1991-01-30,Jonathan Demme,9,2019-02-08
31,tt6751668,2020-03-09,2020-03-09,,Gisaengchung,https://www.imdb.com/title/tt6751668/,movie,8.6,132,2019,"Comedy, Drama, Thriller",414399,2019-05-21,Bong Joon Ho,,
32,tt0245429,2020-03-09,2020-03-09,,Sen to Chihiro no kamikakushi,https://www.imdb.com/title/tt0245429/,movie,8.6,125,2001,"Animation, Adventure, Family, Fantasy, Mystery",612177,2001-07-20,Hayao Miyazaki,10,2019-02-08
33,tt0816692,2020-03-09,2020-03-09,,Interstellar,https://www.imdb.com/title/tt0816692/,movie,8.6,169,2014,"Adventure, Drama, Sci-Fi, Thriller",1418325,2014-10-26,Christopher Nolan,8,2019-02-08
34,tt0110413,2020-03-09,2020-03-09,,Léon,https://www.imdb.com/title/tt0110413/,movie,8.5,110,1994,"Action, Crime, Drama, Thriller",993465,1994-09-14,Luc Besson,10,2019-02-08
35,tt0114814,2020-03-09,2020-03-09,,The Usual Suspects,https://www.imdb.com/title/tt0114814/,movie,8.5,106,1995,"Crime, Mystery, Thriller",956859,1995-01-25,Bryan Singer,10,2019-02-08
36,tt0253474,2020-03-09,2020-03-09,,The Pianist,https://www.imdb.com/title/tt0253474/,movie,8.5,150,2002,"Biography, Drama, Music, War",696552,2002-05-24,Roman Polanski,10,2019-02-08
37,tt0054215,2020-03-09,2020-03-09,,Psycho,https://www.imdb.com/title/tt0054215/,movie,8.5,109,1960,"Horror, Mystery, Thriller",576127,1960-06-16,Alfred Hitchcock,9,2019-02-08
38,tt0407887,2020-03-09,2020-03-09,,The Departed,https://www.imdb.com/title/tt0407887/,movie,8.5,151,2006,"Crime, Drama, Thriller",1144121,2006-09-26,Martin Scorsese,7,2019-02-08
39,tt2582802,2020-03-09,2020-03-09,,Whiplash,https://www.imdb.com/title/tt2582802/,movie,8.5,106,2014,"Drama, Music",677272,2014-01-16,Damien Chazelle,8,2019-02-08
40,tt7286456,2020-03-09,2020-03-09,,Joker,https://www.imdb.com/title/tt7286456/,movie,8.5,122,2019,"Crime, Drama, Thriller",796755,2019-08-31,Todd Phillips,,
41,tt0034583,2020-03-09,2020-03-09,,Casablanca,https://www.imdb.com/title/tt0034583/,movie,8.5,102,1942,"Drama, Romance, War",503372,1942-11-26,Michael Curtiz,6,2019-02-08
42,tt0095765,2020-03-09,2020-03-09,,Nuovo Cinema Paradiso,https://www.imdb.com/title/tt0095765/,movie,8.5,155,1988,Drama,218232,1988-09-29,Giuseppe Tornatore,9,2019-02-08
43,tt0209144,2020-03-09,2020-03-09,,Memento,https://www.imdb.com/title/tt0209144/,movie,8.4,113,2000,"Mystery, Thriller",1084651,2000-09-05,Christopher Nolan,10,2019-02-08
44,tt0405094,2020-03-09,2020-03-09,,Das Leben der Anderen,https://www.imdb.com/title/tt0405094/,movie,8.4,137,2006,"Drama, Mystery, Thriller",344675,2006-03-15,Florian Henckel von Donnersmarck,9,2019-02-08
45,tt1853728,2020-03-09,2020-03-09,,Django Unchained,https://www.imdb.com/title/tt1853728/,movie,8.4,165,2012,"Drama, Western",1298465,2012-12-11,Quentin Tarantino,8,2019-02-08
46,tt0081505,2020-03-09,2020-03-09,,The Shining,https://www.imdb.com/title/tt0081505/,movie,8.4,146,1980,"Drama, Horror",854182,1980-05-23,Stanley Kubrick,8,2019-02-08
47,tt0910970,2020-03-09,2020-03-09,,WALL·E,https://www.imdb.com/title/tt0910970/,movie,8.4,98,2008,"Animation, Adventure, Family, Sci-Fi",962952,2008-06-21,Andrew Stanton,9,2019-02-08
48,tt0119698,2020-03-09,2020-03-09,,Mononoke-hime,https://www.imdb.com/title/tt0119698/,movie,8.4,134,1997,"Animation, Adventure, Fantasy",322974,1997-07-12,Hayao Miyazaki,9,2019-02-08
49,tt0043014,2020-03-09,2020-03-09,,Sunset Blvd.,https://www.imdb.com/title/tt0043014/,movie,8.4,110,1950,"Drama, Film-Noir",192349,1950-08-10,Billy Wilder,7,2019-02-08
50,tt0057012,2020-03-09,2020-03-09,,Dr. Strangelove or: How I Learned to Stop Worrying and Love the Bomb,https://www.imdb.com/title/tt0057012/,movie,8.4,95,1964,Comedy,435842,1964-01-29,Stanley Kubrick,9,2019-02-08
51,tt0364569,2020-03-09,2020-03-09,,Oldeuboi,https://www.imdb.com/title/tt0364569/,movie,8.4,120,2003,"Action, Drama, Mystery, Thriller",493271,2003-11-21,Chan-wook Park,1,2019-02-08
52,tt1345836,2020-03-09,2020-03-09,,The Dark Knight Rises,https://www.imdb.com/title/tt1345836/,movie,8.4,164,2012,"Action, Adventure",1463393,2012-07-16,Christopher Nolan,6,2019-02-08
53,tt0087843,2020-03-09,2020-03-09,,Once Upon a Time in America,https://www.imdb.com/title/tt0087843/,movie,8.4,229,1984,"Crime, Drama",297418,1984-05-20,Sergio Leone,9,2019-02-08
54,tt0112573,2020-03-09,2020-03-09,,Braveheart,https://www.imdb.com/title/tt0112573/,movie,8.3,178,1995,"Biography, Drama, History, War",932894,1995-05-18,Mel Gibson,9,2019-02-08
55,tt1187043,2020-03-09,2020-03-09,,3 Idiots,https://www.imdb.com/title/tt1187043/,movie,8.4,170,2009,"Comedy, Drama",325400,2009-12-23,Rajkumar Hirani,,
56,tt0114709,2020-03-09,2020-03-09,,Toy Story,https://www.imdb.com/title/tt0114709/,movie,8.3,81,1995,"Animation, Adventure, Comedy, Family, Fantasy",853588,1995-11-19,John Lasseter,8,2019-02-08
57,tt0361748,2020-03-09,2020-03-09,,Inglourious Basterds,https://www.imdb.com/title/tt0361748/,movie,8.3,153,2009,"Adventure, Drama, War",1211354,2009-05-20,Quentin Tarantino,10,2019-02-08
58,tt0180093,2020-03-09,2020-03-09,,Requiem for a Dream,https://www.imdb.com/title/tt0180093/,movie,8.3,102,2000,Drama,739516,2000-05-14,Darren Aronofsky,10,2019-02-08
59,tt0338013,2020-03-09,2020-03-09,,Eternal Sunshine of the Spotless Mind,https://www.imdb.com/title/tt0338013/,movie,8.3,108,2004,"Drama, Romance, Sci-Fi",877194,2004-03-09,Michel Gondry,9,2019-02-08
60,tt0093058,2020-03-09,2020-03-09,,Full Metal Jacket,https://www.imdb.com/title/tt0093058/,movie,8.3,116,1987,"Drama, War",648931,1987-06-17,Stanley Kubrick,8,2019-02-08
61,tt0066921,2020-03-09,2020-03-09,,A Clockwork Orange,https://www.imdb.com/title/tt0066921/,movie,8.3,136,1971,"Crime, Drama, Sci-Fi",731125,1971-12-19,Stanley Kubrick,10,2019-02-08
62,tt0040522,2020-03-09,2020-03-09,,Ladri di biciclette,https://www.imdb.com/title/tt0040522/,movie,8.3,89,1948,Drama,138530,1948-11-21,Vittorio De Sica,7,2019-02-08
63,tt0086250,2020-03-09,2020-03-09,,Scarface,https://www.imdb.com/title/tt0086250/,movie,8.3,170,1983,"Crime, Drama",710442,1983-12-01,Brian De Palma,7,2019-02-08
64,tt0075314,2020-03-09,2020-03-09,,Taxi Driver,https://www.imdb.com/title/tt0075314/,movie,8.3,114,1976,"Crime, Drama",691676,1976-02-08,Martin Scorsese,10,2019-02-08
65,tt0211915,2020-03-09,2020-03-09,,Le fabuleux destin d'Amélie Poulain,https://www.imdb.com/title/tt0211915/,movie,8.3,122,2001,"Comedy, Romance",683747,2001-04-25,Jean-Pierre Jeunet,10,2019-02-08
66,tt0435761,2020-03-09,2020-03-09,,Toy Story 3,https://www.imdb.com/title/tt0435761/,movie,8.3,103,2010,"Animation, Adventure, Comedy, Family, Fantasy",731305,2010-06-12,Lee Unkrich,7,2019-02-08
67,tt1832382,2020-03-09,2020-03-09,,Jodaeiye Nader az Simin,https://www.imdb.com/title/tt1832382/,movie,8.3,123,2011,Drama,211081,2011-02-01,Asghar Farhadi,9,2019-02-08
68,tt1049413,2020-03-09,2020-03-09,,Up,https://www.imdb.com/title/tt1049413/,movie,8.2,96,2009,"Animation, Adventure, Comedy, Family",900186,2009-05-13,"Pete Docter, Bob Peterson",8,2019-02-08
69,tt0119488,2020-03-09,2020-03-09,,L.A. Confidential,https://www.imdb.com/title/tt0119488/,movie,8.2,138,1997,"Crime, Drama, Mystery, Thriller",515985,1997-05-14,Curtis Hanson,7,2019-02-08
70,tt0118849,2020-03-09,2020-03-09,,Bacheha-Ye aseman,https://www.imdb.com/title/tt0118849/,movie,8.3,89,1997,"Drama, Family, Sport",60616,1997-02-01,Majid Majidi,9,2019-02-08
71,tt0347149,2020-03-09,2020-03-09,,Hauru no ugoku shiro,https://www.imdb.com/title/tt0347149/,movie,8.2,119,2004,"Animation, Adventure, Family, Fantasy",309877,2004-09-05,Hayao Miyazaki,9,2019-02-08
72,tt0112641,2020-03-09,2020-03-09,,Casino,https://www.imdb.com/title/tt0112641/,movie,8.2,178,1995,"Crime, Drama",444440,1995-04-03,Martin Scorsese,6,2019-02-08
73,tt1305806,2020-03-09,2020-03-09,,El secreto de sus ojos,https://www.imdb.com/title/tt1305806/,movie,8.2,129,2009,"Drama, Mystery, Romance, Thriller",184691,2009-08-13,Juan José Campanella,10,2019-02-08
74,tt0993846,2020-03-09,2020-03-09,,The Wolf of Wall Street,https://www.imdb.com/title/tt0993846/,movie,8.2,180,2013,"Biography, Crime, Drama",1118194,2013-12-09,Martin Scorsese,9,2019-02-08
75,tt0469494,2020-03-09,2020-03-09,,There Will Be Blood,https://www.imdb.com/title/tt0469494/,movie,8.2,158,2007,Drama,494863,2007-09-27,Paul Thomas Anderson,10,2019-02-08
76,tt0071315,2020-03-09,2020-03-09,,Chinatown,https://www.imdb.com/title/tt0071315/,movie,8.2,130,1974,"Drama, Mystery, Thriller",282332,1974-06-20,Roman Polanski,7,2019-02-08
77,tt2096673,2020-03-09,2020-03-09,,Inside Out,https://www.imdb.com/title/tt2096673/,movie,8.1,95,2015,"Animation, Adventure, Comedy, Drama, Family, Fantasy",582776,2015-05-18,"Pete Docter, Ronnie Del Carmen",8,2019-02-08
78,tt0050976,2020-03-09,2020-03-09,,Det sjunde inseglet,https://www.imdb.com/title/tt0050976/,movie,8.2,96,1957,"Drama, Fantasy",155960,1957-02-16,Ingmar Bergman,10,2019-02-08
79,tt0477348,2020-03-09,2020-03-09,,No Country for Old Men,https://www.imdb.com/title/tt0477348/,movie,8.1,122,2007,"Crime, Drama, Thriller",817107,2007-05-19,"Ethan Coen, Joel Coen",10,2019-02-08
80,tt0117951,2020-03-09,2020-03-09,,Trainspotting,https://www.imdb.com/title/tt0117951/,movie,8.1,93,1996,Drama,617423,1996-02-23,Danny Boyle,10,2019-02-08
81,tt0116282,2020-03-09,2020-03-09,,Fargo,https://www.imdb.com/title/tt0116282/,movie,8.1,98,1996,"Crime, Drama, Thriller",593416,1996-03-08,"Ethan Coen, Joel Coen",8,2019-02-08
82,tt0978762,2020-03-09,2020-03-09,,Mary and Max,https://www.imdb.com/title/tt0978762/,movie,8.1,92,2009,"Animation, Comedy, Drama, Family",159068,2009-01-15,Adam Elliot,10,2019-02-08
83,tt2267998,2020-03-09,2020-03-09,,Gone Girl,https://www.imdb.com/title/tt2267998/,movie,8.1,149,2014,"Drama, Mystery, Thriller",819577,2014-09-26,David Fincher,8,2019-02-08
84,tt0112471,2020-03-09,2020-03-09,,Before Sunrise,https://www.imdb.com/title/tt0112471/,movie,8.1,101,1995,"Drama, Romance",257033,1995-01-19,Richard Linklater,9,2019-02-08
85,tt0060827,2020-03-09,2020-03-09,,Persona,https://www.imdb.com/title/tt0060827/,movie,8.1,85,1966,"Drama, Thriller",96239,1966-10-18,Ingmar Bergman,9,2019-02-08
86,tt0264464,2020-03-09,2020-03-09,,Catch Me If You Can,https://www.imdb.com/title/tt0264464/,movie,8.1,141,2002,"Biography, Crime, Drama",784542,2002-12-16,Steven Spielberg,8,2019-02-08
87,tt2024544,2020-03-09,2020-03-09,,12 Years a Slave,https://www.imdb.com/title/tt2024544/,movie,8.1,134,2013,"Biography, Drama, History",615518,2013-08-30,Steve McQueen,8,2019-02-08
88,tt0405159,2020-03-09,2020-03-09,,Million Dollar Baby,https://www.imdb.com/title/tt0405159/,movie,8.1,132,2004,"Drama, Sport",615686,2004-12-05,Clint Eastwood,9,2019-02-08
89,tt0053198,2020-03-09,2020-03-09,,Les quatre cents coups,https://www.imdb.com/title/tt0053198/,movie,8.1,99,1959,"Crime, Drama",99812,1959-05-04,François Truffaut,,
90,tt0245712,2020-03-09,2020-03-09,,Amores perros,https://www.imdb.com/title/tt0245712/,movie,8.1,154,2000,"Drama, Thriller",216721,2000-05-14,Alejandro G. Iñárritu,8,2019-02-08
91,tt1895587,2020-03-09,2020-03-09,,Spotlight,https://www.imdb.com/title/tt1895587/,movie,8.1,129,2015,"Biography, Crime, Drama",398727,2015-09-03,Tom McCarthy,6,2019-02-08
92,tt0198781,2020-03-09,2020-03-09,,"Monsters, Inc.",https://www.imdb.com/title/tt0198781/,movie,8.0,92,2001,"Animation, Adventure, Comedy, Family, Fantasy",785997,2001-10-28,"David Silverman, Pete Docter, Lee Unkrich",9,2019-02-08
93,tt0381681,2020-03-09,2020-03-09,,Before Sunset,https://www.imdb.com/title/tt0381681/,movie,8.0,80,2004,"Drama, Romance",224299,2004-02-10,Richard Linklater,9,2019-02-08
94,tt0118694,2020-03-09,2020-03-09,,Faa yeung nin wa,https://www.imdb.com/title/tt0118694/,movie,8.1,98,2000,"Drama, Romance",116400,2000-05-20,Kar-Wai Wong,9,2019-02-08
95,tt5580390,2020-03-09,2020-03-09,,The Shape of Water,https://www.imdb.com/title/tt5580390/,movie,7.3,123,2017,"Adventure, Drama, Fantasy, Romance, Thriller",350589,2017-08-31,Guillermo del Toro,6,2019-02-08
96,tt2562232,2020-03-09,2020-03-09,,Birdman or (The Unexpected Virtue of Ignorance),https://www.imdb.com/title/tt2562232/,movie,7.7,119,2014,"Comedy, Drama",558246,2014-08-27,Alejandro G. Iñárritu,7,2019-02-08
97,tt0079417,2020-03-09,2020-03-09,,Kramer vs. Kramer,https://www.imdb.com/title/tt0079417/,movie,7.8,105,1979,Drama,127115,1979-12-17,Robert Benton,,
98,tt0075686,2020-03-09,2020-03-09,,Annie Hall,https://www.imdb.com/title/tt0075686/,movie,8.0,93,1977,"Comedy, Romance",245946,1977-03-27,Woody Allen,,
99,tt7131622,2020-03-09,2020-03-09,,Once Upon a Time... in Hollywood,https://www.imdb.com/title/tt7131622/,movie,7.7,161,2019,"Comedy, Drama",470751,2019-05-21,Quentin Tarantino,,
100,tt7653254,2020-03-09,2020-03-09,,Marriage Story,https://www.imdb.com/title/tt7653254/,movie,8.0,137,2019,"Comedy, Drama, Romance",213792,2019-08-29,Noah Baumbach,,
101,tt3774694,2020-03-09,2020-03-09,,Love,https://www.imdb.com/title/tt3774694/,movie,6.1,135,2015,"Drama, Romance",42921,2015-05-20,Gaspar Noé,7,2019-02-08
102,tt2322441,2020-03-09,2020-03-09,,Fifty Shades of Grey,https://www.imdb.com/title/tt2322441/,movie,4.1,125,2015,"Drama, Romance, Thriller",290521,2015-02-09,Sam Taylor-Johnson,5,2019-02-08
103,tt1798709,2020-03-09,2020-03-09,,Her,https://www.imdb.com/title/tt1798709/,movie,8.0,126,2013,"Drama, Romance, Sci-Fi",513923,2013-10-12,Spike Jonze,8,2019-02-08
104,tt1099212,2020-03-09,2020-03-09,,Twilight,https://www.imdb.com/title/tt1099212/,movie,5.2,122,2008,"Drama, Fantasy, Romance",411244,2008-11-17,Catherine Hardwicke,,
105,tt1343092,2020-03-09,2020-03-09,,The Great Gatsby,https://www.imdb.com/title/tt1343092/,movie,7.2,143,2013,"Drama, Romance",460285,2013-05-01,Baz Luhrmann,8,2019-02-08
106,tt0332280,2020-03-09,2020-03-09,,The Notebook,https://www.imdb.com/title/tt0332280/,movie,7.8,123,2004,"Drama, Romance",501281,2004-05-20,Nick Cassavetes,,
107,tt0421715,2020-03-09,2020-03-09,,The Curious Case of Benjamin Button,https://www.imdb.com/title/tt0421715/,movie,7.8,166,2008,"Drama, Fantasy, Romance",568932,2008-12-10,David Fincher,8,2019-02-08
108,tt3783958,2020-03-09,2020-03-09,,La La Land,https://www.imdb.com/title/tt3783958/,movie,8.0,128,2016,"Comedy, Drama, Music, Musical, Romance",478360,2016-08-31,Damien Chazelle,5,2019-02-08
109,tt5776858,2020-03-09,2020-03-09,,Phantom Thread,https://www.imdb.com/title/tt5776858/,movie,7.5,130,2017,"Drama, Romance",103009,2017-11-24,Paul Thomas Anderson,7,2019-02-08
110,tt3464902,2020-03-09,2020-03-09,,The Lobster,https://www.imdb.com/title/tt3464902/,movie,7.2,119,2015,"Comedy, Drama, Romance, Sci-Fi, Thriller",205120,2015-05-15,Yorgos Lanthimos,8,2019-02-08
111,tt1080016,2020-03-09,2020-03-09,,Ice Age: Dawn of the Dinosaurs,https://www.imdb.com/title/tt1080016/,movie,6.9,94,2009,"Animation, Adventure, Comedy, Family, Fantasy",216326,2009-06-26,"Mike Thurmeier, Carlos Saldanha",,
112,tt0064356,2020-03-09,2020-03-09,,Gaav,https://www.imdb.com/title/tt0064356/,movie,8.1,104,1969,Drama,5984,1969-12-31,Dariush Mehrjui,,
113,tt0475784,2020-03-09,2020-03-09,,Westworld,https://www.imdb.com/title/tt0475784/,tvSeries,8.7,62,2016,"Drama, Mystery, Sci-Fi",400085,2016-09-30,,9,2019-02-08
114,tt0944947,2020-03-09,2020-03-09,,Game of Thrones,https://www.imdb.com/title/tt0944947/,tvSeries,9.3,57,2011,"Action, Adventure, Drama, Fantasy, Romance",1677840,2011-04-17,,,
115,tt0903747,2020-03-09,2020-03-09,,Breaking Bad,https://www.imdb.com/title/tt0903747/,tvSeries,9.5,49,2008,"Crime, Drama, Thriller",1357022,2008-01-20,,10,2019-06-05
116,tt0108778,2020-03-09,2020-03-09,,Friends,https://www.imdb.com/title/tt0108778/,tvSeries,8.9,22,1994,"Comedy, Romance",764389,1994-09-22,,10,2019-02-08
117,tt2085059,2020-03-09,2020-03-09,,Black Mirror,https://www.imdb.com/title/tt2085059/,tvSeries,8.8,60,2011,"Drama, Sci-Fi, Thriller",402845,2011-12-04,,9,2019-02-08
118,tt3398228,2020-03-09,2020-03-09,,BoJack Horseman,https://www.imdb.com/title/tt3398228/,tvSeries,8.7,25,2014,"Animation, Comedy, Drama",97115,2014-08-22,,,
119,tt2861424,2020-03-09,2020-03-09,,Rick and Morty,https://www.imdb.com/title/tt2861424/,tvSeries,9.2,23,2013,"Animation, Adventure, Comedy, Sci-Fi",339562,2013-12-02,,,
120,tt7366338,2020-03-09,2020-03-09,,Chernobyl,https://www.imdb.com/title/tt7366338/,tvMiniSeries,9.4,330,2019,"Drama, History, Thriller",466377,2019-05-06,,10,2019-06-05
121,tt5753856,2020-03-09,2020-03-09,,Dark,https://www.imdb.com/title/tt5753856/,tvSeries,8.7,60,2017,"Crime, Drama, Mystery, Sci-Fi, Thriller",181983,2017-09-09,,10,2019-06-05
122,tt0092337,2020-03-09,2020-03-09,,Dekalog,https://www.imdb.com/title/tt0092337/,tvMiniSeries,9.0,572,1989,Drama,20517,1989-05-16,,10,2019-02-08
123,tt0098936,2020-03-09,2020-03-09,,Twin Peaks,https://www.imdb.com/title/tt0098936/,tvSeries,8.8,47,1990,"Crime, Drama, Mystery, Thriller",166191,1989-09-28,,10,2019-02-08
124,tt1856010,2020-03-09,2020-03-09,,House of Cards,https://www.imdb.com/title/tt1856010/,tvSeries,8.7,51,2013,Drama,451646,2013-02-01,,9,2019-02-08
125,tt5290382,2020-03-09,2020-03-09,,Mindhunter,https://www.imdb.com/title/tt5290382/,tvSeries,8.6,60,2017,"Crime, Drama, Thriller",189679,2017-10-13,,,
126,tt4093826,2020-03-09,2020-03-09,,Twin Peaks,https://www.imdb.com/title/tt4093826/,tvSeries,8.5,60,2017,"Crime, Drama, Fantasy, Mystery, Thriller",51385,2017-03-14,,10,2019-02-08
127,tt6257970,2020-03-09,2020-03-09,,The End of the F***ing World,https://www.imdb.com/title/tt6257970/,tvSeries,8.1,25,2017,"Adventure, Comedy, Crime, Drama, Romance, Thriller",129493,2017-10-24,,,
128,tt5580036,2020-03-10,2020-03-10,,"I, Tonya",https://www.imdb.com/title/tt5580036/,movie,7.5,119,2017,"Biography, Comedy, Drama, Sport",168452,2017-09-08,Craig Gillespie,,
129,tt1074638,2020-03-10,2020-03-10,,Skyfall,https://www.imdb.com/title/tt1074638/,movie,7.7,143,2012,"Action, Adventure, Thriller",615613,2012-10-23,Sam Mendes,,
130,tt1568346,2020-03-10,2020-03-10,,The Girl with the Dragon Tattoo,https://www.imdb.com/title/tt1568346/,movie,7.8,158,2011,"Crime, Drama, Mystery, Thriller",407011,2011-12-12,David Fincher,,
131,tt3263904,2020-03-10,2020-03-10,,Sully,https://www.imdb.com/title/tt3263904/,movie,7.4,96,2016,"Biography, Drama",224803,2016-09-02,Clint Eastwood,,
132,tt1583420,2020-03-10,2020-03-10,,Larry Crowne,https://www.imdb.com/title/tt1583420/,movie,6.1,98,2011,"Comedy, Drama, Romance",61641,2011-06-27,Tom Hanks,,
133,tt0362227,2020-03-10,2020-03-10,,The Terminal,https://www.imdb.com/title/tt0362227/,movie,7.4,128,2004,"Comedy, Drama, Romance",390323,2004-06-09,Steven Spielberg,,
134,tt0120363,2020-03-10,2020-03-10,,Toy Story 2,https://www.imdb.com/title/tt0120363/,movie,7.9,92,1999,"Animation, Adventure, Comedy, Family, Fantasy",508712,1999-11-13,"John Lasseter, Lee Unkrich, Ash Brannon",7,2019-02-08
135,tt5013056,2020-03-10,2020-03-10,,Dunkirk,https://www.imdb.com/title/tt5013056/,movie,7.9,106,2017,"Action, Drama, History, Thriller, War",518037,2017-07-13,Christopher Nolan,,
136,tt1663202,2020-03-10,2020-03-10,,The Revenant,https://www.imdb.com/title/tt1663202/,movie,8.0,156,2015,"Action, Adventure, Biography, Drama, History, Western",674575,2015-12-16,Alejandro G. Iñárritu,,
137,tt0816711,2020-03-10,2020-03-10,,World War Z,https://www.imdb.com/title/tt0816711/,movie,7.0,116,2013,"Action, Adventure, Horror, Sci-Fi",584117,2013-06-02,Marc Forster,,
138,tt0103074,2020-03-10,2020-03-10,,Thelma & Louise,https://www.imdb.com/title/tt0103074/,movie,7.5,130,1991,"Adventure, Crime, Drama",130265,1991-05-20,Ridley Scott,,
139,tt0259711,2020-03-10,2020-03-10,,Vanilla Sky,https://www.imdb.com/title/tt0259711/,movie,6.9,136,2001,"Fantasy, Mystery, Romance, Sci-Fi, Thriller",242113,2001-12-10,Cameron Crowe,,
140,tt0120663,2020-03-10,2020-03-10,,Eyes Wide Shut,https://www.imdb.com/title/tt0120663/,movie,7.4,159,1999,"Drama, Mystery, Thriller",289813,1999-07-13,Stanley Kubrick,9,2019-02-08
141,tt0335266,2020-03-10,2020-03-10,,Lost in Translation,https://www.imdb.com/title/tt0335266/,movie,7.7,102,2003,"Comedy, Drama",396297,2003-08-29,Sofia Coppola,,
142,tt2229499,2020-03-10,2020-03-10,,Don Jon,https://www.imdb.com/title/tt2229499/,movie,6.5,90,2013,"Comedy, Drama, Romance",224098,2013-01-18,Joseph Gordon-Levitt,,
143,tt0416320,2020-03-10,2020-03-10,,Match Point,https://www.imdb.com/title/tt0416320/,movie,7.6,124,2005,"Drama, Romance, Thriller",200720,2005-05-12,Woody Allen,,
144,tt0338751,2020-03-10,2020-03-10,,The Aviator,https://www.imdb.com/title/tt0338751/,movie,7.5,170,2004,"Biography, Drama",323651,2004-12-14,Martin Scorsese,8,2019-02-08
145,tt0217505,2020-03-10,2020-03-10,,Gangs of New York,https://www.imdb.com/title/tt0217505/,movie,7.5,167,2002,"Crime, Drama",392180,2002-12-09,Martin Scorsese,6,2019-02-08
146,tt1201607,2020-03-10,2020-03-10,,Harry Potter and the Deathly Hallows: Part 2,https://www.imdb.com/title/tt1201607/,movie,8.1,130,2011,"Adventure, Drama, Fantasy, Mystery",733329,2011-07-07,David Yates,,
147,tt0373889,2020-03-10,2020-03-10,,Harry Potter and the Order of the Phoenix,https://www.imdb.com/title/tt0373889/,movie,7.5,138,2007,"Action, Adventure, Family, Fantasy, Mystery",486356,2007-06-28,David Yates,,
148,tt0926084,2020-03-10,2020-03-10,,Harry Potter and the Deathly Hallows: Part 1,https://www.imdb.com/title/tt0926084/,movie,7.7,146,2010,"Adventure, Family, Fantasy, Mystery",455853,2010-11-11,David Yates,,
149,tt1756545,2020-03-10,2020-03-10,,Harry Potter and the Forbidden Journey,https://www.imdb.com/title/tt1756545/,video,8.2,5,2010,"Short, Adventure, Fantasy",2307,2010-06-18,Thierry Coup,,
150,tt0417741,2020-03-10,2020-03-10,,Harry Potter and the Half-Blood Prince,https://www.imdb.com/title/tt0417741/,movie,7.6,153,2009,"Action, Adventure, Family, Fantasy, Mystery",450500,2009-07-06,David Yates,,
151,tt0330373,2020-03-10,2020-03-10,,Harry Potter and the Goblet of Fire,https://www.imdb.com/title/tt0330373/,movie,7.7,157,2005,"Adventure, Family, Fantasy, Mystery",522504,2005-11-06,Mike Newell,,
152,tt0304141,2020-03-10,2020-03-10,,Harry Potter and the Prisoner of Azkaban,https://www.imdb.com/title/tt0304141/,movie,7.9,142,2004,"Adventure, Family, Fantasy, Mystery",524701,2004-05-23,Alfonso Cuarón,,
153,tt0295297,2020-03-10,2020-03-10,,Harry Potter and the Chamber of Secrets,https://www.imdb.com/title/tt0295297/,movie,7.4,161,2002,"Adventure, Family, Fantasy, Mystery",527547,2002-11-03,Chris Columbus,,
154,tt0241527,2020-03-10,2020-03-10,,Harry Potter and the Sorcerer's Stone,https://www.imdb.com/title/tt0241527/,movie,7.6,152,2001,"Adventure, Family, Fantasy",612936,2001-11-04,Chris Columbus,,
155,tt0142688,2020-03-10,2020-03-10,,The Ninth Gate,https://www.imdb.com/title/tt0142688/,movie,6.7,133,1999,"Mystery, Thriller",159776,1999-08-25,Roman Polanski,,
156,tt0104779,2020-03-10,2020-03-10,,Bitter Moon,https://www.imdb.com/title/tt0104779/,movie,7.2,139,1992,"Drama, Romance, Thriller",33950,1992-07-12,Roman Polanski,,
157,tt0063522,2020-03-10,2020-03-10,,Rosemary's Baby,https://www.imdb.com/title/tt0063522/,movie,8.0,137,1968,"Drama, Horror",184100,1968-06-12,Roman Polanski,,
158,tt1152836,2020-03-10,2020-03-10,,Public Enemies,https://www.imdb.com/title/tt1152836/,movie,7.0,140,2009,"Biography, Crime, Drama, History",273496,2009-06-18,Michael Mann,,
159,tt0368794,2020-03-10,2020-03-10,,I'm Not There,https://www.imdb.com/title/tt0368794/,movie,6.9,135,2007,"Biography, Drama, Music",55563,2007-09-03,Todd Haynes,,
160,tt1800241,2020-03-10,2020-03-10,,American Hustle,https://www.imdb.com/title/tt1800241/,movie,7.2,138,2013,"Crime, Drama",436457,2013-12-12,David O. Russell,,
161,tt1020773,2020-03-10,2020-03-10,,Copie conforme,https://www.imdb.com/title/tt1020773/,movie,7.3,106,2010,"Drama, Romance",20025,2010-05-18,Abbas Kiarostami,8,2019-02-08
162,tt0209463,2020-03-10,2020-03-10,,Bad ma ra khahad bord,https://www.imdb.com/title/tt0209463/,movie,7.6,118,1999,Drama,8140,1999-09-06,Abbas Kiarostami,10,2019-02-08
163,tt0111845,2020-03-10,2020-03-10,,Zire darakhatan zeyton,https://www.imdb.com/title/tt0111845/,movie,7.8,103,1994,Drama,5789,1994-02-01,Abbas Kiarostami,10,2019-02-08
164,tt0120265,2020-03-10,2020-03-10,,Ta'm e guilass,https://www.imdb.com/title/tt0120265/,movie,7.7,95,1997,Drama,21292,1997-05-16,Abbas Kiarostami,10,2019-02-08
165,tt1843287,2020-03-10,2020-03-10,,Like Someone in Love,https://www.imdb.com/title/tt1843287/,movie,7.0,109,2012,Drama,9686,2012-04-11,"Shay Modaressi, Abbas Kiarostami",9,2019-02-08
166,tt1284587,2020-03-10,2020-03-10,,Shirin,https://www.imdb.com/title/tt1284587/,movie,6.7,92,2008,Drama,2169,2008-09-30,Abbas Kiarostami,,
167,tt0301978,2020-03-10,2020-03-10,,Dah,https://www.imdb.com/title/tt0301978/,movie,7.5,89,2002,Drama,6571,2002-05-20,Abbas Kiarostami,10,2019-02-08
168,tt0105888,2020-03-10,2020-03-10,,Zendegi va digar hich,https://www.imdb.com/title/tt0105888/,movie,7.9,95,1992,"Adventure, Drama",4035,1992-02-01,Abbas Kiarostami,10,2019-02-08
169,tt0093342,2020-03-10,2020-03-10,,Khane-ye doust kodjast?,https://www.imdb.com/title/tt0093342/,movie,8.1,83,1987,"Drama, Family",9383,1987-02-01,Abbas Kiarostami,10,2019-02-08
170,tt0108394,2020-03-10,2020-03-10,,Trois couleurs: Bleu,https://www.imdb.com/title/tt0108394/,movie,7.9,94,1993,"Drama, Music, Mystery, Romance",84482,1993-09-03,Krzysztof Kieslowski,10,2019-02-08
171,tt0111495,2020-03-10,2020-03-10,,Trois couleurs: Rouge,https://www.imdb.com/title/tt0111495/,movie,8.1,99,1994,"Drama, Mystery, Romance",85781,1994-05-16,Krzysztof Kieslowski,10,2019-02-08
172,tt0101765,2020-03-10,2020-03-10,,La double vie de Véronique,https://www.imdb.com/title/tt0101765/,movie,7.8,98,1991,"Drama, Fantasy, Music, Mystery, Romance",39540,1991-05-15,Krzysztof Kieslowski,9,2019-02-08
173,tt0111507,2020-03-10,2020-03-10,,Trois couleurs: Blanc,https://www.imdb.com/title/tt0111507/,movie,7.6,92,1994,"Comedy, Drama, Romance",60366,1994-01-26,Krzysztof Kieslowski,10,2019-02-08
174,tt0095467,2020-03-10,2020-03-10,,Krótki film o milosci,https://www.imdb.com/title/tt0095467/,movie,8.2,87,1988,"Drama, Romance",18272,1988-09-22,Krzysztof Kieslowski,10,2019-02-08
175,tt0095468,2020-03-10,2020-03-10,,Krótki film o zabijaniu,https://www.imdb.com/title/tt0095468/,movie,8.1,84,1988,"Crime, Drama",16192,1988-03-11,Krzysztof Kieslowski,10,2019-02-08
176,tt0084549,2020-03-10,2020-03-10,,Przypadek,https://www.imdb.com/title/tt0084549/,movie,7.9,114,1987,Drama,8006,1987-01-10,Krzysztof Kieslowski,9,2019-02-08
177,tt0947798,2020-03-10,2020-03-10,,Black Swan,https://www.imdb.com/title/tt0947798/,movie,8.0,108,2010,"Drama, Thriller",679638,2010-09-01,Darren Aronofsky,10,2019-02-08
178,tt0875034,2020-03-10,2020-03-10,,Nine,https://www.imdb.com/title/tt0875034/,movie,5.8,118,2009,"Drama, Musical, Romance",41813,2009-12-03,Rob Marshall,,
179,tt0097937,2020-03-10,2020-03-10,,My Left Foot: The Story of Christy Brown,https://www.imdb.com/title/tt0097937/,movie,7.9,103,1989,"Biography, Drama",65103,1989-02-24,Jim Sheridan,,
180,tt0970179,2020-03-10,2020-03-10,,Hugo,https://www.imdb.com/title/tt0970179/,movie,7.5,126,2011,"Drama, Family, Fantasy, Mystery",296632,2011-10-10,Martin Scorsese,,
181,tt0054331,2020-03-10,2020-03-10,,Spartacus,https://www.imdb.com/title/tt0054331/,movie,7.9,197,1960,"Adventure, Biography, Drama, History, War",120134,1960-10-06,Stanley Kubrick,7,2019-02-08
182,tt5186714,2020-03-11,2020-03-11,,Forushande,https://www.imdb.com/title/tt5186714/,movie,7.8,124,2016,"Drama, Thriller",47371,2016-05-21,Asghar Farhadi,9,2019-02-08
183,tt2245049,2020-03-11,2020-03-11,,Paziraie sadeh,https://www.imdb.com/title/tt2245049/,movie,6.7,100,2012,"Comedy, Drama",1760,2012-02-01,Mani Haghighi,9,2019-02-08
184,tt0329347,2020-03-11,2020-03-11,,"Man, Taraneh, panzdah sal daram",https://www.imdb.com/title/tt0329347/,movie,7.1,110,2002,Drama,2837,2002-02-01,Rasoul Sadrameli,8,2019-02-08
185,tt1360860,2020-03-11,2020-03-11,,Darbareye Elly,https://www.imdb.com/title/tt1360860/,movie,8.0,119,2009,"Drama, Mystery, Thriller",42491,2009-02-01,Asghar Farhadi,9,2019-02-08
186,tt5332732,2020-03-11,2020-03-11,,Shahrzad,https://www.imdb.com/title/tt5332732/,tvSeries,8.1,60,2015,"Crime, Drama, History, Romance",5048,2015-10-14,,,
187,tt3719158,2020-03-11,2020-03-11,,Madar-e ghalb atomi,https://www.imdb.com/title/tt3719158/,movie,4.8,97,2015,"Drama, Fantasy",637,2015-02-09,Ali Ahmadzade,,
188,tt3540420,2020-03-11,2020-03-11,,The Wedlock,https://www.imdb.com/title/tt3540420/,movie,6.2,82,2014,Drama,665,2014-02-01,Rouhollah Hejazi,,
189,tt1371723,2020-03-11,2020-03-11,,Tardid,https://www.imdb.com/title/tt1371723/,movie,6.1,131,2009,"Drama, Mystery, Romance",610,2009-02-02,Varuzh Karim-Masihi,,
190,tt1283889,2020-03-11,2020-03-11,,Canaan,https://www.imdb.com/title/tt1283889/,movie,6.4,100,2008,Drama,1341,2008-02-15,Mani Haghighi,,
191,tt0845439,2020-03-11,2020-03-11,,Chaharshanbe-soori,https://www.imdb.com/title/tt0845439/,movie,7.7,102,2006,"Drama, Mystery, Romance, Thriller",9410,2006-02-01,Asghar Farhadi,,
192,tt0424434,2020-03-11,2020-03-11,,Shahr-e ziba,https://www.imdb.com/title/tt0424434/,movie,7.7,98,2004,Drama,4582,2004-02-01,Asghar Farhadi,,
193,tt5463378,2020-03-11,2020-03-11,,Ejdeha Vared Mishavad!,https://www.imdb.com/title/tt5463378/,movie,6.7,105,2016,"Drama, Horror, Mystery",1959,2016-02-01,Mani Haghighi,10,2019-02-08
194,tt3663032,2020-03-11,2020-03-11,,Shoghe parvaz,https://www.imdb.com/title/tt3663032/,tvSeries,6.3,,2012,"Drama, Reality-TV, War",422,2012-12-06,,,
195,tt4847140,2020-03-11,2020-03-11,,Africa,https://www.imdb.com/title/tt4847140/,video,5.3,92,2010,"Crime, Drama",213,2010-12-31,Houman Seyyedi,,
196,tt2081259,2020-03-11,2020-03-11,,Heartbroken,https://www.imdb.com/title/tt2081259/,movie,5.8,110,2009,"Drama, Romance",963,2009-12-31,Ali Rooyintan,,
197,tt1431326,2020-03-11,2020-03-11,,Superstar,https://www.imdb.com/title/tt1431326/,movie,6.1,103,2009,Drama,2679,2009-02-06,Tahmineh Milani,6,2019-02-08
198,tt4853248,2020-03-11,2020-03-11,,Mahya,https://www.imdb.com/title/tt4853248/,movie,5.4,100,2008,Drama,220,2008-12-31,Akbar Khajooiee,,
199,tt6209470,2020-03-11,2020-03-11,,Rag-e Khab,https://www.imdb.com/title/tt6209470/,movie,6.1,103,2017,"Drama, Romance",1475,2017-02-01,Hamid Nematollah,,
200,tt0116851,2020-03-11,2020-03-11,,Leila,https://www.imdb.com/title/tt0116851/,movie,7.6,102,1997,"Drama, Family, Romance",3262,1997-02-01,Dariush Mehrjui,,
201,tt7429708,2020-03-11,2020-03-11,,The Pig,https://www.imdb.com/title/tt7429708/,movie,6.1,104,2018,"Comedy, Crime, Drama, Horror, Mystery",1375,2018-02-21,Mani Haghighi,,
202,tt5999174,2020-03-11,2020-03-11,,Me,https://www.imdb.com/title/tt5999174/,movie,5.3,83,2016,Drama,647,2016-02-03,Soheil Beiraghi,,
203,tt4108894,2020-03-11,2020-03-11,,Dar donya ye to saat chand ast?,https://www.imdb.com/title/tt4108894/,movie,7.2,101,2014,"Drama, Romance",1700,2014-02-02,Safi Yazdanian,,
204,tt2149053,2020-03-11,2020-03-11,,Narenji Poush,https://www.imdb.com/title/tt2149053/,movie,4.8,107,2012,"Comedy, Drama",1055,2012-02-03,Dariush Mehrjui,,
205,tt1997291,2020-03-11,2020-03-11,,Bi pooli,https://www.imdb.com/title/tt1997291/,movie,6.4,108,2009,"Drama, Romance",2006,2009-02-01,Hamid Nematollah,7,2019-02-08
206,tt3674010,2020-03-11,2020-03-11,,"Har shab, tanhayi",https://www.imdb.com/title/tt3674010/,movie,4.5,79,2007,Drama,105,2007-12-31,Rasoul Sadrameli,,
207,tt6218704,2020-03-11,2020-03-11,,Paridokht,https://www.imdb.com/title/tt6218704/,tvSeries,4.8,,2007,Romance,32,2007-08-03,,,
208,tt0046250,2020-03-11,2020-03-11,,Roman Holiday,https://www.imdb.com/title/tt0046250/,movie,8.0,118,1953,"Comedy, Romance",123092,1953-08-20,William Wyler,,
209,tt0088847,2020-03-11,2020-03-11,,The Breakfast Club,https://www.imdb.com/title/tt0088847/,movie,7.9,97,1985,"Comedy, Drama",340779,1985-02-07,John Hughes,,
210,tt0054698,2020-03-11,2020-03-11,,Breakfast at Tiffany's,https://www.imdb.com/title/tt0054698/,movie,7.7,115,1961,"Comedy, Drama, Romance",160696,1961-10-05,Blake Edwards,,
211,tt0066011,2020-03-11,2020-03-11,,Love Story,https://www.imdb.com/title/tt0066011/,movie,6.9,100,1970,"Drama, Romance",29021,1970-12-16,Arthur Hiller,,
212,tt0070511,2020-03-11,2020-03-11,,Papillon,https://www.imdb.com/title/tt0070511/,movie,8.0,151,1973,"Biography, Crime, Drama",118043,1973-12-16,Franklin J. Schaffner,,
213,tt0070047,2020-03-11,2020-03-11,,The Exorcist,https://www.imdb.com/title/tt0070047/,movie,8.0,122,1973,Horror,350554,1973-12-26,William Friedkin,,
214,tt0074565,2020-03-11,2020-03-11,,Gavaznha,https://www.imdb.com/title/tt0074565/,movie,8.0,120,1974,Drama,1957,1974-12-31,Masud Kimiai,,
215,tt0087803,2020-03-11,2020-03-11,,Nineteen Eighty-Four,https://www.imdb.com/title/tt0087803/,movie,7.1,113,1984,"Drama, Sci-Fi",63634,1984-10-10,Michael Radford,,
216,tt0095953,2020-03-11,2020-03-11,,Rain Man,https://www.imdb.com/title/tt0095953/,movie,8.0,133,1988,Drama,460349,1988-12-12,Barry Levinson,,
217,tt0099729,2020-03-11,2020-03-11,,Hamoun,https://www.imdb.com/title/tt0099729/,movie,8.1,120,1990,Drama,6089,1990-02-01,Dariush Mehrjui,10,2019-02-08
218,tt0105323,2020-03-11,2020-03-11,,Scent of a Woman,https://www.imdb.com/title/tt0105323/,movie,8.0,156,1992,Drama,248015,1992-12-23,Martin Brest,,
219,tt0107653,2020-03-11,2020-03-11,,Naked,https://www.imdb.com/title/tt0107653/,movie,7.8,132,1993,"Comedy, Drama",32602,1993-05-14,Mike Leigh,,
220,tt0109424,2020-03-11,2020-03-11,,Chung Hing sam lam,https://www.imdb.com/title/tt0109424/,movie,8.1,102,1994,"Comedy, Crime, Drama, Mystery, Romance",58470,1994-07-14,Kar-Wai Wong,,
221,tt1605783,2020-03-11,2020-03-11,,Midnight in Paris,https://www.imdb.com/title/tt1605783/,movie,7.7,96,2011,"Comedy, Fantasy, Romance",374040,2011-05-11,Woody Allen,,
222,tt2209418,2020-03-11,2020-03-11,,Before Midnight,https://www.imdb.com/title/tt2209418/,movie,7.9,109,2013,"Drama, Romance",133445,2013-01-20,Richard Linklater,9,2019-02-08
223,tt0112579,2020-03-11,2020-03-11,,The Bridges of Madison County,https://www.imdb.com/title/tt0112579/,movie,7.6,135,1995,"Drama, Romance",69840,1995-06-02,Clint Eastwood,9,2020-03-11
224,tt0116790,2020-03-11,2020-03-11,,Kolja,https://www.imdb.com/title/tt0116790/,movie,7.8,105,1996,"Comedy, Drama, Music",14145,1996-05-15,Jan Sverák,7,2020-03-11
225,tt0118971,2020-03-11,2020-03-11,,The Devil's Advocate,https://www.imdb.com/title/tt0118971/,movie,7.5,144,1997,"Drama, Mystery, Thriller",317278,1997-10-13,Taylor Hackford,8,2020-03-11
226,tt0120731,2020-03-11,2020-03-11,,La leggenda del pianista sull'oceano,https://www.imdb.com/title/tt0120731/,movie,8.1,169,1998,"Drama, Music, Romance",56529,1998-10-28,Giuseppe Tornatore,9,2020-03-11
227,tt0144201,2020-03-11,2020-03-11,,La fille sur le pont,https://www.imdb.com/title/tt0144201/,movie,7.6,90,1999,"Comedy, Drama, Romance",12908,1999-03-31,Patrice Leconte,8,2020-03-11
228,tt0162661,2020-03-11,2020-03-11,,Sleepy Hollow,https://www.imdb.com/title/tt0162661/,movie,7.3,105,1999,"Fantasy, Horror, Mystery",319355,1999-11-17,Tim Burton,5,2019-02-08
229,tt0213847,2020-03-11,2020-03-11,,Malèna,https://www.imdb.com/title/tt0213847/,movie,7.5,108,2000,"Comedy, Drama, Romance, War",86074,2000-10-26,Giuseppe Tornatore,8,2020-03-11
230,tt1910594,2020-03-11,2020-03-11,,Par-e parvaz,https://www.imdb.com/title/tt1910594/,movie,5.3,,2000,"Drama, Music, Romance",239,,Khosro Masumi,5,2020-03-11
231,tt0215750,2020-03-11,2020-03-11,,Enemy at the Gates,https://www.imdb.com/title/tt0215750/,movie,7.6,131,2001,"Drama, History, War",235623,2001-02-07,Jean-Jacques Annaud,6,2020-03-11
232,tt0120679,2020-03-11,2020-03-11,,Frida,https://www.imdb.com/title/tt0120679/,movie,7.4,123,2002,"Biography, Drama, Romance",78427,2002-08-29,Julie Taymor,9,2020-03-11
233,tt0423166,2020-03-11,2020-03-11,,Shabhaye roshan,https://www.imdb.com/title/tt0423166/,movie,7.7,103,2003,"Drama, Romance",898,2003-12-31,Farzad Motamen,9,2020-03-11
234,tt0416960,2020-03-11,2020-03-11,,Marmoulak,https://www.imdb.com/title/tt0416960/,movie,8.5,115,2004,"Comedy, Drama",13388,2004-02-04,Kamal Tabrizi,10,2019-02-08
235,tt0363988,2020-03-11,2020-03-11,,Secret Window,https://www.imdb.com/title/tt0363988/,movie,6.6,96,2004,"Drama, Mystery, Thriller",176956,2004-03-07,David Koepp,,
236,tt0317705,2020-03-11,2020-03-11,,The Incredibles,https://www.imdb.com/title/tt0317705/,movie,8.0,115,2004,"Animation, Action, Adventure, Family",636302,2004-10-27,Brad Bird,10,2019-02-08
237,tt0389860,2020-03-11,2020-03-11,,Click,https://www.imdb.com/title/tt0389860/,movie,6.4,107,2006,"Comedy, Drama, Fantasy, Romance",297144,2006-06-14,Frank Coraci,,
238,tt0396171,2020-03-11,2020-03-11,,Perfume: The Story of a Murderer,https://www.imdb.com/title/tt0396171/,movie,7.5,147,2006,"Crime, Drama",229033,2006-09-07,Tom Tykwer,,
239,tt0382932,2020-03-11,2020-03-11,,Ratatouille,https://www.imdb.com/title/tt0382932/,movie,8.0,111,2007,"Animation, Adventure, Comedy, Drama, Family, Fantasy",617029,2007-06-22,"Brad Bird, Jan Pinkava",9,2019-02-08
240,tt0401383,2020-03-11,2020-03-11,,Le scaphandre et le papillon,https://www.imdb.com/title/tt0401383/,movie,8.0,112,2007,"Biography, Drama",101206,2007-05-22,Julian Schnabel,,
241,tt1022603,2020-03-11,2020-03-11,,(500) Days of Summer,https://www.imdb.com/title/tt1022603/,movie,7.7,95,2009,"Comedy, Drama, Romance",459788,2009-01-17,Marc Webb,,
242,tt0485947,2020-03-11,2020-03-11,,Mr. Nobody,https://www.imdb.com/title/tt0485947/,movie,7.8,141,2009,"Drama, Fantasy, Romance, Sci-Fi",209088,2009-09-11,Jaco Van Dormael,9,2020-03-11
243,tt0380510,2020-03-11,2020-03-11,,The Lovely Bones,https://www.imdb.com/title/tt0380510/,movie,6.7,135,2009,"Drama, Fantasy, Thriller",152820,2009-11-24,Peter Jackson,,
244,tt0758752,2020-03-11,2020-03-11,,Love & Other Drugs,https://www.imdb.com/title/tt0758752/,movie,6.7,112,2010,"Comedy, Drama, Romance",175129,2010-11-04,Edward Zwick,7,2020-03-11
245,tt1334260,2020-03-11,2020-03-11,,Never Let Me Go,https://www.imdb.com/title/tt1334260/,movie,7.1,103,2010,"Drama, Romance, Sci-Fi",134416,2010-09-03,Mark Romanek,7,2020-03-11
246,tt1263750,2020-03-11,2020-03-11,,Habitación en Roma,https://www.imdb.com/title/tt1263750/,movie,6.1,107,2010,"Drama, Romance",21577,2010-04-24,Julio Medem,5,2020-03-11
247,tt0775489,2020-03-11,2020-03-11,,L'illusionniste,https://www.imdb.com/title/tt0775489/,movie,7.5,90,2010,"Animation, Drama, Family, Fantasy",32849,2010-02-16,Sylvain Chomet,7,2020-03-11
248,tt1648216,2020-03-11,2020-03-11,,Tres metros sobre el cielo,https://www.imdb.com/title/tt1648216/,movie,7.0,118,2010,"Action, Drama, Romance",22826,2010-12-03,Fernando González Molina,,
249,tt1306980,2020-03-11,2020-03-11,,50/50,https://www.imdb.com/title/tt1306980/,movie,7.6,100,2011,"Comedy, Drama, Romance",309787,2011-09-12,Jonathan Levine,,
250,tt1683526,2020-03-11,2020-03-11,,Detachment,https://www.imdb.com/title/tt1683526/,movie,7.7,98,2011,Drama,73631,2011-04-25,Tony Kaye,,
251,tt1192628,2020-03-11,2020-03-11,,Rango,https://www.imdb.com/title/tt1192628/,movie,7.2,107,2011,"Animation, Adventure, Comedy, Family, Western",228169,2011-02-14,Gore Verbinski,,
252,tt2396224,2020-03-11,2020-03-11,,It's Such a Beautiful Day,https://www.imdb.com/title/tt2396224/,movie,8.3,62,2012,"Animation, Comedy, Drama, Fantasy",10177,2012-08-24,Don Hertzfeldt,,
253,tt1645170,2020-03-11,2020-03-11,,The Dictator,https://www.imdb.com/title/tt1645170/,movie,6.4,83,2012,Comedy,264520,2012-05-16,Larry Charles,,
254,tt1374992,2020-03-11,2020-03-11,,Upside Down,https://www.imdb.com/title/tt1374992/,movie,6.4,109,2012,"Drama, Fantasy, Romance, Sci-Fi",68195,2012-08-22,Juan Solanas,,
255,tt2140203,2020-03-11,2020-03-11,,Ookami kodomo no Ame to Yuki,https://www.imdb.com/title/tt2140203/,movie,8.1,117,2012,"Animation, Drama, Family, Fantasy",36087,2012-06-25,Mamoru Hosoda,,
256,tt3212670,2020-03-11,2020-03-11,,Private Life,https://www.imdb.com/title/tt3212670/,movie,5.7,90,2012,"Drama, Thriller",392,2012-03-10,Hossein FarahBakhsh,,
257,tt0790636,2020-03-11,2020-03-11,,Dallas Buyers Club,https://www.imdb.com/title/tt0790636/,movie,8.0,117,2013,"Biography, Drama",424601,2013-09-07,Jean-Marc Vallée,,
258,tt1670345,2020-03-11,2020-03-11,,Now You See Me,https://www.imdb.com/title/tt1670345/,movie,7.3,115,2013,"Crime, Mystery, Thriller",579066,2013-05-21,Louis Leterrier,,
259,tt2664910,2020-03-11,2020-03-11,,Nyuszi és Öz,https://www.imdb.com/title/tt2664910/,short,8.4,17,2012,"Animation, Short, Adventure, Family, Fantasy, Sci-Fi",1111,2012-11-03,Péter Vácz,,
260,tt2404461,2020-03-11,2020-03-11,,Le passé,https://www.imdb.com/title/tt2404461/,movie,7.8,130,2013,"Drama, Mystery",43432,2013-05-17,Asghar Farhadi,8,2019-02-08
261,tt0481499,2020-03-11,2020-03-11,,The Croods,https://www.imdb.com/title/tt0481499/,movie,7.2,98,2013,"Animation, Action, Adventure, Comedy, Family, Fantasy",184791,2013-02-15,"Kirk DeMicco, Chris Sanders",,
262,tt2980516,2020-03-11,2020-03-11,,The Theory of Everything,https://www.imdb.com/title/tt2980516/,movie,7.7,123,2014,"Biography, Drama, Romance",385142,2014-09-07,James Marsh,,
263,tt2402927,2020-03-11,2020-03-11,,Carol,https://www.imdb.com/title/tt2402927/,movie,7.2,118,2015,"Drama, Romance",109635,2015-05-17,Todd Haynes,6,2019-02-08
264,tt0169547,2020-03-11,2020-03-11,,American Beauty,https://www.imdb.com/title/tt0169547/,movie,8.3,122,1999,Drama,1038538,1999-09-08,Sam Mendes,8,2019-02-08
265,tt2358891,2020-03-11,2020-03-11,,La grande bellezza,https://www.imdb.com/title/tt2358891/,movie,7.8,141,2013,Drama,77485,2013-05-21,Paolo Sorrentino,,
266,tt5220122,2020-03-11,2020-03-11,,Hotel Transylvania 3: Summer Vacation,https://www.imdb.com/title/tt5220122/,movie,6.3,97,2018,"Animation, Adventure, Comedy, Family, Fantasy",51804,2018-06-13,Genndy Tartakovsky,,
267,tt2510894,2020-03-11,2020-03-11,,Hotel Transylvania 2,https://www.imdb.com/title/tt2510894/,movie,6.7,89,2015,"Animation, Comedy, Family, Fantasy",101695,2015-09-21,Genndy Tartakovsky,,
268,tt4163264,2020-03-11,2020-03-11,,Sperm Whale,https://www.imdb.com/title/tt4163264/,movie,6.3,87,2015,"Comedy, Drama, Romance",3579,2015-02-01,Saman Moghadam,,
269,tt5179252,2020-03-11,2020-03-11,,Shift-e Shab,https://www.imdb.com/title/tt5179252/,movie,4.7,98,2015,Drama,215,2015-02-01,Niki Karimi,,
270,tt2279373,2020-03-11,2020-03-11,,The SpongeBob Movie: Sponge Out of Water,https://www.imdb.com/title/tt2279373/,movie,6.0,92,2015,"Animation, Adventure, Comedy, Family, Fantasy",46705,2015-01-28,"Mike Mitchell, Paul Tibbitt",,
271,tt3716530,2020-03-11,2020-03-11,,Elle,https://www.imdb.com/title/tt3716530/,movie,7.1,130,2016,"Crime, Drama, Thriller",58652,2016-05-21,Paul Verhoeven,,
272,tt2671706,2020-03-11,2020-03-11,,Fences,https://www.imdb.com/title/tt2671706/,movie,7.2,139,2016,Drama,93829,2016-12-06,Denzel Washington,,
273,tt5480340,2020-03-11,2020-03-11,,Ice Age: The Great Egg-Scapade,https://www.imdb.com/title/tt5480340/,tvShort,5.9,25,2016,"Animation, Short, Adventure, Comedy, Family",2925,2016-03-20,"Mike Thurmeier, Ricardo Curtis, Steve Martino, Paul Stodolny",,
274,tt0268380,2020-03-11,2020-03-11,,Ice Age,https://www.imdb.com/title/tt0268380/,movie,7.5,81,2002,"Animation, Adventure, Comedy, Family, Fantasy",426894,2002-03-12,"Chris Wedge, Carlos Saldanha",8,2019-02-08
275,tt4418168,2020-03-11,2020-03-11,,Asre Yakhbandan,https://www.imdb.com/title/tt4418168/,movie,6.1,106,2015,"Crime, Drama, Thriller",898,2015-02-01,Mostafa Kiayee,,
276,tt1667889,2020-03-11,2020-03-11,,Ice Age: Continental Drift,https://www.imdb.com/title/tt1667889/,movie,6.6,88,2012,"Animation, Adventure, Comedy, Drama, Family, Fantasy",185608,2012-06-26,"Mike Thurmeier, Steve Martino",,
277,tt4048272,2020-03-11,2020-03-11,,Toni Erdmann,https://www.imdb.com/title/tt4048272/,movie,7.4,162,2016,"Comedy, Drama",42103,2016-05-14,Maren Ade,,
278,tt1323594,2020-03-11,2020-03-11,,Despicable Me,https://www.imdb.com/title/tt1323594/,movie,7.6,95,2010,"Animation, Comedy, Family, Fantasy",486586,2010-06-20,"Chris Renaud, Pierre Coffin",,
279,tt3469046,2020-03-11,2020-03-11,,Despicable Me 3,https://www.imdb.com/title/tt3469046/,movie,6.3,89,2017,"Animation, Adventure, Comedy, Family, Fantasy, Sci-Fi",106238,2017-06-14,"Eric Guillon, Kyle Balda, Pierre Coffin",,
280,tt1690953,2020-03-11,2020-03-11,,Despicable Me 2,https://www.imdb.com/title/tt1690953/,movie,7.3,98,2013,"Animation, Adventure, Comedy, Family, Fantasy, Sci-Fi",359990,2013-06-16,"Chris Renaud, Pierre Coffin",,
281,tt2293640,2020-03-11,2020-03-11,,Minions,https://www.imdb.com/title/tt2293640/,movie,6.4,91,2015,"Animation, Adventure, Comedy, Family, Sci-Fi",205428,2015-06-11,"Kyle Balda, Pierre Coffin",,
282,tt9495224,2020-03-11,2020-03-11,,Black Mirror: Bandersnatch,https://www.imdb.com/title/tt9495224/,tvMovie,7.2,90,2018,"Drama, Mystery, Sci-Fi, Thriller",106997,2018-12-28,David Slade,,
283,tt1727824,2020-03-11,2020-03-11,,Bohemian Rhapsody,https://www.imdb.com/title/tt1727824/,movie,8.0,134,2018,"Biography, Drama, Music",424328,2018-10-23,Bryan Singer,8,2019-02-08
284,tt0070849,2020-03-11,2020-03-11,,Ultimo tango a Parigi,https://www.imdb.com/title/tt0070849/,movie,7.0,129,1972,"Drama, Romance",47937,1972-10-14,Bernardo Bertolucci,,
285,tt0154506,2020-03-11,2020-03-11,,Following,https://www.imdb.com/title/tt0154506/,movie,7.5,69,1998,"Crime, Mystery, Thriller",82531,1998-04-24,Christopher Nolan,,
286,tt1285016,2020-03-11,2020-03-11,,The Social Network,https://www.imdb.com/title/tt1285016/,movie,7.7,120,2010,"Biography, Drama",600016,2010-09-24,David Fincher,7,2019-02-08
287,tt0166924,2020-03-11,2020-03-11,,Mulholland Dr.,https://www.imdb.com/title/tt0166924/,movie,8.0,147,2001,"Drama, Mystery, Thriller",307601,2001-05-16,David Lynch,8,2019-02-08
288,tt0090756,2020-03-11,2020-03-11,,Blue Velvet,https://www.imdb.com/title/tt0090756/,movie,7.8,120,1986,"Drama, Mystery, Thriller",173472,1986-08-30,David Lynch,7,2019-02-08
289,tt0116922,2020-03-11,2020-03-11,,Lost Highway,https://www.imdb.com/title/tt0116922/,movie,7.6,134,1997,"Mystery, Thriller",125815,1997-01-15,David Lynch,7,2019-02-08
290,tt0290673,2020-03-11,2020-03-11,,Irréversible,https://www.imdb.com/title/tt0290673/,movie,7.4,97,2002,"Crime, Drama, Mystery, Thriller",114735,2002-05-22,Gaspar Noé,9,2019-02-08
291,tt1191111,2020-03-11,2020-03-11,,Enter the Void,https://www.imdb.com/title/tt1191111/,movie,7.3,161,2009,"Drama, Fantasy",67197,2009-05-22,Gaspar Noé,7,2019-02-08
292,tt8359848,2020-03-11,2020-03-11,,Climax,https://www.imdb.com/title/tt8359848/,movie,7.1,97,2018,"Drama, Horror, Music, Thriller",43771,2018-05-13,Gaspar Noé,8,2019-02-08
293,tt0344510,2020-03-11,2020-03-11,,Un long dimanche de fiançailles,https://www.imdb.com/title/tt0344510/,movie,7.6,133,2004,"Drama, Mystery, Romance, War",69804,2004-10-27,Jean-Pierre Jeunet,,
294,tt0057869,2020-03-11,2020-03-11,,Bande à part,https://www.imdb.com/title/tt0057869/,movie,7.8,95,1964,"Comedy, Crime, Drama",21620,1964-07-29,Jean-Luc Godard,,
295,tt0423866,2020-03-11,2020-03-11,,Bin-jip,https://www.imdb.com/title/tt0423866/,movie,8.0,88,2004,"Crime, Drama, Romance",47747,2004-09-07,Ki-duk Kim,,
296,tt1937390,2020-03-11,2020-03-11,,Nymphomaniac: Vol. I,https://www.imdb.com/title/tt1937390/,movie,6.9,117,2013,Drama,113183,2013-12-25,Lars von Trier,10,2019-02-08
297,tt2382009,2020-03-11,2020-03-11,,Nymphomaniac: Vol. II,https://www.imdb.com/title/tt2382009/,movie,6.7,124,2013,Drama,84057,2013-12-25,Lars von Trier,10,2019-02-08
298,tt0068361,2020-03-11,2020-03-11,,Le charme discret de la bourgeoisie,https://www.imdb.com/title/tt0068361/,movie,7.9,102,1972,Comedy,36435,1972-09-15,Luis Buñuel,,
299,tt0254686,2020-03-11,2020-03-11,,La pianiste,https://www.imdb.com/title/tt0254686/,movie,7.5,131,2001,Drama,53508,2001-05-14,Michael Haneke,9,2019-02-08
300,tt1602620,2020-03-11,2020-03-11,,Amour,https://www.imdb.com/title/tt1602620/,movie,7.9,127,2012,"Drama, Romance",89977,2012-05-20,Michael Haneke,10,2019-02-08
301,tt0083866,2020-03-11,2020-03-11,,E.T. the Extra-Terrestrial,https://www.imdb.com/title/tt0083866/,movie,7.8,115,1982,"Family, Sci-Fi",357350,1982-05-26,Steven Spielberg,,
302,tt0212720,2020-03-11,2020-03-11,,A.I. Artificial Intelligence,https://www.imdb.com/title/tt0212720/,movie,7.2,146,2001,"Drama, Sci-Fi",284163,2001-06-26,Steven Spielberg,,
303,tt0099487,2020-03-11,2020-03-11,,Edward Scissorhands,https://www.imdb.com/title/tt0099487/,movie,7.9,105,1990,"Drama, Fantasy, Romance",433094,1990-12-06,Tim Burton,8,2019-02-08
304,tt0121164,2020-03-11,2020-03-11,,Corpse Bride,https://www.imdb.com/title/tt0121164/,movie,7.3,77,2005,"Animation, Drama, Family, Fantasy, Musical, Romance",234698,2005-09-07,"Tim Burton, Mike Johnson",,
305,tt0367594,2020-03-11,2020-03-11,,Charlie and the Chocolate Factory,https://www.imdb.com/title/tt0367594/,movie,6.6,115,2005,"Adventure, Comedy, Family, Fantasy, Musical",411303,2005-07-10,Tim Burton,,
306,tt0096895,2020-03-11,2020-03-11,,Batman,https://www.imdb.com/title/tt0096895/,movie,7.5,126,1989,"Action, Adventure",328479,1989-06-19,Tim Burton,7,2019-02-08
307,tt0094663,2020-03-11,2020-03-11,,Another Woman,https://www.imdb.com/title/tt0094663/,movie,7.3,81,1988,Drama,12429,1988-10-14,Woody Allen,,
308,tt1396484,2020-05-28,2020-05-28,,It,https://www.imdb.com/title/tt1396484/,movie,7.3,135,2017,Horror,434331,2017-09-05,Andy Muschietti,,
309,tt7349950,2020-05-28,2020-05-28,,It Chapter Two,https://www.imdb.com/title/tt7349950/,movie,6.6,169,2019,"Drama, Fantasy, Horror",178074,2019-08-26,Andy Muschietti,,
310,tt7146812,2020-05-28,2020-05-28,,Onward,https://www.imdb.com/title/tt7146812/,movie,7.5,102,2020,"Animation, Adventure, Comedy, Family, Fantasy",60010,2020-02-21,Dan Scanlon,,
311,tt2380307,2020-05-28,2020-05-28,,Coco,https://www.imdb.com/title/tt2380307/,movie,8.4,105,2017,"Animation, Adventure, Family, Fantasy, Music, Mystery",339716,2017-10-20,"Adrian Molina, Lee Unkrich",,
312,tt0096283,2020-05-28,2020-05-28,,Tonari no Totoro,https://www.imdb.com/title/tt0096283/,movie,8.2,86,1988,"Animation, Family, Fantasy",270092,1988-04-16,Hayao Miyazaki,,
313,tt1714915,2020-05-28,2020-05-28,,Only Lovers Left Alive,https://www.imdb.com/title/tt1714915/,movie,7.3,123,2013,"Comedy, Drama, Fantasy, Horror, Romance",87047,2013-05-25,Jim Jarmusch,,
314,tt0073650,2020-05-28,2020-05-28,,Salò o le 120 giornate di Sodoma,https://www.imdb.com/title/tt0073650/,movie,5.9,117,1975,"Drama, Horror, War",51905,1975-11-22,Pier Paolo Pasolini,,
315,tt1014759,2020-05-28,2020-05-28,,Alice in Wonderland,https://www.imdb.com/title/tt1014759/,movie,6.4,108,2010,"Adventure, Family, Fantasy",373442,2010-02-25,Tim Burton,,
316,tt3741834,2020-05-28,2020-05-28,,Lion,https://www.imdb.com/title/tt3741834/,movie,8.0,118,2016,"Biography, Drama",202278,2016-09-10,Garth Davis,,
317,tt1511433,2020-05-28,2020-05-28,,Mohakeme dar khiaban,https://www.imdb.com/title/tt1511433/,movie,4.9,98,2009,Drama,695,2009-11-11,Masud Kimiai,,
318,tt1170393,2020-05-28,2020-05-28,,Dayereh-e zangi,https://www.imdb.com/title/tt1170393/,movie,6.9,110,2008,"Comedy, Drama",2803,2008-02-01,Parisa Bakhtavar,,
319,tt4917384,2020-05-28,2020-05-28,,Dorane Asheghi,https://www.imdb.com/title/tt4917384/,movie,5.5,95,2015,"Drama, Romance",672,2015-02-01,Alireza Raisian,,
320,tt4505116,2020-05-28,2020-05-28,,Panj Setareh,https://www.imdb.com/title/tt4505116/,movie,4.9,105,2014,Drama,258,2014-02-01,Mahshid Afsharzadeh,,
321,tt2848876,2020-05-28,2020-05-28,,The Painting Pool,https://www.imdb.com/title/tt2848876/,movie,7.4,92,2013,Drama,3198,2013-02-01,Maziar Miri,7,2019-02-08
322,tt5761114,2020-05-28,2020-05-28,,Cold Fever,https://www.imdb.com/title/tt5761114/,tvSeries,5.7,,2004,"Crime, Drama",122,2004-04-04,,,
323,tt3526500,2020-05-28,2020-05-28,,Arayesh-e ghaliz,https://www.imdb.com/title/tt3526500/,movie,4.8,99,2014,Drama,578,2014-02-01,Hamid Nematollah,,
324,tt0060802,2020-05-28,2020-05-28,,Ostre sledované vlaky,https://www.imdb.com/title/tt0060802/,movie,7.7,92,1966,"Comedy, Drama, Romance, War",10808,1966-10-16,Jirí Menzel,,
325,tt0120382,2020-05-28,2020-05-28,,The Truman Show,https://www.imdb.com/title/tt0120382/,movie,8.1,103,1998,"Comedy, Drama, Sci-Fi",894502,1998-06-01,Peter Weir,,
326,tt0327597,2020-05-28,2020-05-28,,Coraline,https://www.imdb.com/title/tt0327597/,movie,7.7,100,2009,"Animation, Drama, Family, Fantasy, Thriller",188064,2009-02-05,Henry Selick,,
