Position,Const,Created,Modified,Description,Title,URL,Title Type,IMDb Rating,Runtime (mins),Year,Genres,Num Votes,Release Date,Directors
1,tt0437086,2019-07-16,2019-07-16,,Alita: Battle Angel,https://www.imdb.com/title/tt0437086/,movie,7.3,122,2019,"Action, Adventure, Sci-Fi, Thriller",208367,2019-02-05,Robert Rodriguez
2,tt0448115,2019-07-16,2019-07-16,,Shazam!,https://www.imdb.com/title/tt0448115/,movie,7.1,132,2019,"Action, Adventure, Comedy, Fantasy",231448,2019-03-25,David F. Sandberg
3,tt0111161,2019-07-16,2019-07-16,,The Shawshank Redemption,https://www.imdb.com/title/tt0111161/,movie,9.3,142,1994,Drama,2244712,1994-09-10,Frank Darabont
4,tt0068646,2019-07-16,2019-07-16,,The Godfather,https://www.imdb.com/title/tt0068646/,movie,9.2,175,1972,"Crime, Drama",1548590,1972-03-14,Francis Ford Coppola
5,tt0071562,2019-07-16,2019-07-16,,The Godfather: Part II,https://www.imdb.com/title/tt0071562/,movie,9.0,202,1974,"Crime, Drama",1082561,1974-12-12,Francis Ford Coppola
6,tt0468569,2019-07-16,2019-07-16,,The Dark Knight,https://www.imdb.com/title/tt0468569/,movie,9.0,152,2008,"Action, Crime, Drama, Thriller",2213366,2008-07-14,Christopher Nolan
7,tt0108052,2019-07-16,2019-07-16,,Schindler's List,https://www.imdb.com/title/tt0108052/,movie,8.9,195,1993,"Biography, Drama, History",1166784,1993-11-30,Steven Spielberg
8,tt0167260,2019-07-16,2019-07-16,,The Lord of the Rings: The Return of the King,https://www.imdb.com/title/tt0167260/,movie,8.9,201,2003,"Adventure, Drama, Fantasy",1586267,2003-12-01,Peter Jackson
9,tt0110912,2019-07-16,2019-07-16,,Pulp Fiction,https://www.imdb.com/title/tt0110912/,movie,8.9,154,1994,"Crime, Drama",1758052,1994-05-21,Quentin Tarantino
10,tt0137523,2019-07-16,2019-07-16,,Fight Club,https://www.imdb.com/title/tt0137523/,movie,8.8,139,1999,Drama,1785512,1999-09-10,David Fincher
11,tt0120737,2019-07-16,2019-07-16,,The Lord of the Rings: The Fellowship of the Ring,https://www.imdb.com/title/tt0120737/,movie,8.8,178,2001,"Action, Adventure, Drama, Fantasy",1599770,2001-12-10,Peter Jackson
12,tt0109830,2019-07-16,2019-07-16,,Forrest Gump,https://www.imdb.com/title/tt0109830/,movie,8.8,142,1994,"Drama, Romance",1730951,1994-06-23,Robert Zemeckis
13,tt1375666,2019-07-16,2019-07-16,,Inception,https://www.imdb.com/title/tt1375666/,movie,8.8,148,2010,"Action, Adventure, Sci-Fi, Thriller",1967663,2010-07-08,Christopher Nolan
14,tt0167261,2019-07-16,2019-07-16,,The Lord of the Rings: The Two Towers,https://www.imdb.com/title/tt0167261/,movie,8.7,179,2002,"Adventure, Drama, Fantasy",1433102,2002-12-05,Peter Jackson
15,tt0073486,2019-07-16,2019-07-16,,One Flew Over the Cuckoo's Nest,https://www.imdb.com/title/tt0073486/,movie,8.7,133,1975,Drama,880539,1975-11-19,Milos Forman
16,tt0099685,2019-07-16,2019-07-16,,Goodfellas,https://www.imdb.com/title/tt0099685/,movie,8.7,146,1990,"Biography, Crime, Drama",976492,1990-09-09,Martin Scorsese
17,tt0133093,2019-07-16,2019-07-16,,The Matrix,https://www.imdb.com/title/tt0133093/,movie,8.7,136,1999,"Action, Sci-Fi",1610569,1999-03-24,"Lilly Wachowski, Lana Wachowski"
18,tt0114369,2019-07-16,2019-07-16,,Se7en,https://www.imdb.com/title/tt0114369/,movie,8.6,127,1995,"Crime, Drama, Mystery, Thriller",1381704,1995-09-15,David Fincher
19,tt0317248,2019-07-16,2019-07-16,,Cidade de Deus,https://www.imdb.com/title/tt0317248/,movie,8.6,130,2002,"Crime, Drama",679012,2002-05-18,"Kátia Lund, Fernando Meirelles"
20,tt0102926,2019-07-16,2019-07-16,,The Silence of the Lambs,https://www.imdb.com/title/tt0102926/,movie,8.6,118,1991,"Crime, Drama, Thriller",1215460,1991-01-30,Jonathan Demme
21,tt0118799,2019-07-16,2019-07-16,,La vita è bella,https://www.imdb.com/title/tt0118799/,movie,8.6,116,1997,"Comedy, Drama, Romance, War",596872,1997-12-20,Roberto Benigni
22,tt0120815,2019-07-16,2019-07-16,,Saving Private Ryan,https://www.imdb.com/title/tt0120815/,movie,8.6,169,1998,"Drama, War",1187261,1998-07-21,Steven Spielberg
23,tt0114814,2019-07-16,2019-07-16,,The Usual Suspects,https://www.imdb.com/title/tt0114814/,movie,8.5,106,1995,"Crime, Mystery, Thriller",956988,1995-01-25,Bryan Singer
24,tt0110413,2019-07-16,2019-07-16,,Léon,https://www.imdb.com/title/tt0110413/,movie,8.5,110,1994,"Action, Crime, Drama, Thriller",993630,1994-09-14,Luc Besson
25,tt0120689,2019-07-16,2019-07-16,,The Green Mile,https://www.imdb.com/title/tt0120689/,movie,8.6,189,1999,"Crime, Drama, Fantasy, Mystery",1094478,1999-12-06,Frank Darabont
26,tt0816692,2019-07-16,2019-07-16,,Interstellar,https://www.imdb.com/title/tt0816692/,movie,8.6,169,2014,"Adventure, Drama, Sci-Fi, Thriller",1418690,2014-10-26,Christopher Nolan
27,tt0021749,2019-07-16,2019-07-16,,City Lights,https://www.imdb.com/title/tt0021749/,movie,8.5,87,1931,"Comedy, Drama, Romance",159559,1931-01-30,Charles Chaplin
28,tt0253474,2019-07-16,2019-07-16,,The Pianist,https://www.imdb.com/title/tt0253474/,movie,8.5,150,2002,"Biography, Drama, Music, War",696687,2002-05-24,Roman Polanski
29,tt0027977,2019-07-16,2019-07-16,,Modern Times,https://www.imdb.com/title/tt0027977/,movie,8.5,87,1936,"Comedy, Drama, Family, Romance",207318,1936-02-05,Charles Chaplin
30,tt0407887,2019-07-16,2019-07-16,,The Departed,https://www.imdb.com/title/tt0407887/,movie,8.5,151,2006,"Crime, Drama, Thriller",1144275,2006-09-26,Martin Scorsese
31,tt0088763,2019-07-16,2019-07-16,,Back to the Future,https://www.imdb.com/title/tt0088763/,movie,8.5,116,1985,"Adventure, Comedy, Sci-Fi",1005208,1985-07-03,Robert Zemeckis
32,tt0103064,2019-07-16,2019-07-16,,Terminator 2: Judgment Day,https://www.imdb.com/title/tt0103064/,movie,8.5,137,1991,"Action, Sci-Fi",964030,1991-07-01,James Cameron
33,tt0110357,2019-07-16,2019-07-16,,The Lion King,https://www.imdb.com/title/tt0110357/,movie,8.5,88,1994,"Animation, Adventure, Drama, Family, Musical",905064,1994-06-12,"Rob Minkoff, Roger Allers"
34,tt2582802,2019-07-16,2019-07-16,,Whiplash,https://www.imdb.com/title/tt2582802/,movie,8.5,106,2014,"Drama, Music",677422,2014-01-16,Damien Chazelle
35,tt0172495,2019-07-16,2019-07-16,,Gladiator,https://www.imdb.com/title/tt0172495/,movie,8.5,155,2000,"Action, Adventure, Drama",1291022,2000-05-01,Ridley Scott
36,tt0482571,2019-07-16,2019-07-16,,The Prestige,https://www.imdb.com/title/tt0482571/,movie,8.5,130,2006,"Drama, Mystery, Sci-Fi, Thriller",1137159,2006-10-17,Christopher Nolan
37,tt0209144,2019-07-16,2019-07-16,,Memento,https://www.imdb.com/title/tt0209144/,movie,8.4,113,2000,"Mystery, Thriller",1084829,2000-09-05,Christopher Nolan
38,tt0078748,2019-07-16,2019-07-16,,Alien,https://www.imdb.com/title/tt0078748/,movie,8.4,117,1979,"Horror, Sci-Fi",757910,1979-05-25,Ridley Scott
39,tt0032553,2019-07-16,2019-07-16,,The Great Dictator,https://www.imdb.com/title/tt0032553/,movie,8.4,125,1940,"Comedy, Drama, War",194094,1940-10-15,Charles Chaplin
40,tt4633694,2019-07-16,2019-07-16,,Spider-Man: Into the Spider-Verse,https://www.imdb.com/title/tt4633694/,movie,8.4,117,2018,"Animation, Action, Adventure, Family, Sci-Fi",319303,2018-12-06,"Peter Ramsey, Rodney Rothman, Bob Persichetti"
41,tt4154756,2019-07-16,2019-07-16,,Avengers: Infinity War,https://www.imdb.com/title/tt4154756/,movie,8.5,149,2018,"Action, Adventure, Sci-Fi",776837,2018-04-23,"Anthony Russo, Joe Russo"
42,tt1853728,2019-07-16,2019-07-16,,Django Unchained,https://www.imdb.com/title/tt1853728/,movie,8.4,165,2012,"Drama, Western",1298686,2012-12-11,Quentin Tarantino
43,tt0081505,2019-07-16,2019-07-16,,The Shining,https://www.imdb.com/title/tt0081505/,movie,8.4,146,1980,"Drama, Horror",854346,1980-05-23,Stanley Kubrick
44,tt0910970,2019-07-16,2019-07-16,,WALL·E,https://www.imdb.com/title/tt0910970/,movie,8.4,98,2008,"Animation, Adventure, Family, Sci-Fi",963087,2008-06-21,Andrew Stanton
45,tt0364569,2019-07-16,2019-07-16,,Oldeuboi,https://www.imdb.com/title/tt0364569/,movie,8.4,120,2003,"Action, Drama, Mystery, Thriller",493364,2003-11-21,Chan-wook Park
46,tt1345836,2019-07-16,2019-07-16,,The Dark Knight Rises,https://www.imdb.com/title/tt1345836/,movie,8.4,164,2012,"Action, Adventure",1463584,2012-07-16,Christopher Nolan
47,tt0090605,2019-07-16,2019-07-16,,Aliens,https://www.imdb.com/title/tt0090605/,movie,8.3,137,1986,"Action, Adventure, Sci-Fi, Thriller",632069,1986-07-14,James Cameron
48,tt0169547,2019-07-16,2019-07-16,,American Beauty,https://www.imdb.com/title/tt0169547/,movie,8.3,122,1999,Drama,1038672,1999-09-08,Sam Mendes
49,tt2380307,2019-07-16,2019-07-16,,Coco,https://www.imdb.com/title/tt2380307/,movie,8.4,105,2017,"Animation, Adventure, Family, Fantasy, Music, Mystery",339859,2017-10-20,"Adrian Molina, Lee Unkrich"
50,tt0114709,2019-07-16,2019-07-16,,Toy Story,https://www.imdb.com/title/tt0114709/,movie,8.3,81,1995,"Animation, Adventure, Comedy, Family, Fantasy",853710,1995-11-19,John Lasseter
51,tt0338013,2019-07-16,2019-07-16,,Eternal Sunshine of the Spotless Mind,https://www.imdb.com/title/tt0338013/,movie,8.3,108,2004,"Drama, Romance, Sci-Fi",877353,2004-03-09,Michel Gondry
52,tt0361748,2019-07-16,2019-07-16,,Inglourious Basterds,https://www.imdb.com/title/tt0361748/,movie,8.3,153,2009,"Adventure, Drama, War",1211581,2009-05-20,Quentin Tarantino
53,tt0075314,2019-07-16,2019-07-16,,Taxi Driver,https://www.imdb.com/title/tt0075314/,movie,8.3,114,1976,"Crime, Drama",691815,1976-02-08,Martin Scorsese
54,tt0040522,2019-07-16,2019-07-16,,Ladri di biciclette,https://www.imdb.com/title/tt0040522/,movie,8.3,89,1948,Drama,138565,1948-11-21,Vittorio De Sica
55,tt0012349,2019-07-16,2019-07-16,,The Kid,https://www.imdb.com/title/tt0012349/,movie,8.3,68,1921,"Comedy, Drama, Family",106673,1921-01-16,Charles Chaplin
56,tt0435761,2019-07-16,2019-07-16,,Toy Story 3,https://www.imdb.com/title/tt0435761/,movie,8.3,103,2010,"Animation, Adventure, Comedy, Family, Fantasy",731403,2010-06-12,Lee Unkrich
57,tt0086250,2019-07-16,2019-07-16,,Scarface,https://www.imdb.com/title/tt0086250/,movie,8.3,170,1983,"Crime, Drama",710553,1983-12-01,Brian De Palma
58,tt0119488,2019-07-16,2019-07-16,,L.A. Confidential,https://www.imdb.com/title/tt0119488/,movie,8.2,138,1997,"Crime, Drama, Mystery, Thriller",516052,1997-05-14,Curtis Hanson
59,tt1832382,2019-07-16,2019-07-16,,Jodaeiye Nader az Simin,https://www.imdb.com/title/tt1832382/,movie,8.3,123,2011,Drama,211110,2011-02-01,Asghar Farhadi
60,tt1049413,2019-07-16,2019-07-16,,Up,https://www.imdb.com/title/tt1049413/,movie,8.2,96,2009,"Animation, Adventure, Comedy, Family",900328,2009-05-13,"Pete Docter, Bob Peterson"
61,tt0095016,2019-07-16,2019-07-16,,Die Hard,https://www.imdb.com/title/tt0095016/,movie,8.2,132,1988,"Action, Thriller",760020,1988-07-12,John McTiernan
62,tt6966692,2019-07-16,2019-07-16,,Green Book,https://www.imdb.com/title/tt6966692/,movie,8.2,130,2018,"Biography, Comedy, Drama, Music",324234,2018-09-11,Peter Farrelly
63,tt1305806,2019-07-16,2019-07-16,,El secreto de sus ojos,https://www.imdb.com/title/tt1305806/,movie,8.2,129,2009,"Drama, Mystery, Romance, Thriller",184738,2009-08-13,Juan José Campanella
64,tt0268978,2019-07-16,2019-07-16,,A Beautiful Mind,https://www.imdb.com/title/tt0268978/,movie,8.2,135,2001,"Biography, Drama",817573,2001-12-13,Ron Howard
65,tt0015864,2019-07-16,2019-07-16,,The Gold Rush,https://www.imdb.com/title/tt0015864/,movie,8.2,95,1925,"Adventure, Comedy, Drama, Western",95548,1925-06-26,Charles Chaplin
66,tt5027774,2019-07-16,2019-07-16,,"Three Billboards Outside Ebbing, Missouri",https://www.imdb.com/title/tt5027774/,movie,8.2,115,2017,"Comedy, Crime, Drama",399907,2017-09-04,Martin McDonagh
67,tt0993846,2019-07-16,2019-07-16,,The Wolf of Wall Street,https://www.imdb.com/title/tt0993846/,movie,8.2,180,2013,"Biography, Crime, Drama",1118392,2013-12-09,Martin Scorsese
68,tt0080678,2019-07-16,2019-07-16,,The Elephant Man,https://www.imdb.com/title/tt0080678/,movie,8.1,124,1980,"Biography, Drama",211449,1980-10-02,David Lynch
69,tt2096673,2019-07-16,2019-07-16,,Inside Out,https://www.imdb.com/title/tt2096673/,movie,8.1,95,2015,"Animation, Adventure, Comedy, Drama, Family, Fantasy",582888,2015-05-18,"Pete Docter, Ronnie Del Carmen"
70,tt0434409,2019-07-16,2019-07-16,,V for Vendetta,https://www.imdb.com/title/tt0434409/,movie,8.2,132,2005,"Action, Drama, Sci-Fi, Thriller",997351,2005-12-11,James McTeigue
71,tt0477348,2019-07-16,2019-07-16,,No Country for Old Men,https://www.imdb.com/title/tt0477348/,movie,8.1,122,2007,"Crime, Drama, Thriller",817259,2007-05-19,"Ethan Coen, Joel Coen"
72,tt0083658,2019-07-16,2019-07-16,,Blade Runner,https://www.imdb.com/title/tt0083658/,movie,8.1,117,1982,"Action, Sci-Fi, Thriller",669087,1982-06-25,Ridley Scott
73,tt3170832,2019-07-16,2019-07-16,,Room,https://www.imdb.com/title/tt3170832/,movie,8.1,118,2015,"Drama, Thriller",349255,2015-09-04,Lenny Abrahamson
74,tt0167404,2019-07-16,2019-07-16,,The Sixth Sense,https://www.imdb.com/title/tt0167404/,movie,8.1,107,1999,"Drama, Mystery, Thriller",885076,1999-08-02,M. Night Shyamalan
75,tt0031381,2019-07-16,2019-07-16,,Gone with the Wind,https://www.imdb.com/title/tt0031381/,movie,8.1,238,1939,"Drama, History, Romance, War",278711,1939-12-15,"Sam Wood, George Cukor, Victor Fleming"
76,tt0266543,2019-07-16,2019-07-16,,Finding Nemo,https://www.imdb.com/title/tt0266543/,movie,8.1,100,2003,"Animation, Adventure, Comedy, Family",918011,2003-05-18,"Andrew Stanton, Lee Unkrich"
77,tt1130884,2019-07-16,2019-07-16,,Shutter Island,https://www.imdb.com/title/tt1130884/,movie,8.1,138,2010,"Mystery, Thriller",1079353,2010-02-13,Martin Scorsese
78,tt0118715,2019-07-16,2019-07-16,,The Big Lebowski,https://www.imdb.com/title/tt0118715/,movie,8.1,117,1998,"Comedy, Crime, Sport",702003,1998-01-18,"Ethan Coen, Joel Coen"
79,tt0978762,2019-07-16,2019-07-16,,Mary and Max,https://www.imdb.com/title/tt0978762/,movie,8.1,92,2009,"Animation, Comedy, Drama, Family",159095,2009-01-15,Adam Elliot
80,tt2119532,2019-07-16,2019-07-16,,Hacksaw Ridge,https://www.imdb.com/title/tt2119532/,movie,8.1,139,2016,"Biography, Drama, History, War",408929,2016-09-04,Mel Gibson
81,tt0107290,2019-07-16,2019-07-16,,Jurassic Park,https://www.imdb.com/title/tt0107290/,movie,8.1,127,1993,"Action, Adventure, Sci-Fi, Thriller",831383,1993-06-09,Steven Spielberg
82,tt0892769,2019-07-16,2019-07-16,,How to Train Your Dragon,https://www.imdb.com/title/tt0892769/,movie,8.1,98,2010,"Animation, Action, Adventure, Family, Fantasy",644188,2010-03-18,"Dean DeBlois, Chris Sanders"
83,tt0120382,2019-07-16,2019-07-16,,The Truman Show,https://www.imdb.com/title/tt0120382/,movie,8.1,103,1998,"Comedy, Drama, Sci-Fi",894656,1998-06-01,Peter Weir
84,tt2278388,2019-07-16,2019-07-16,,The Grand Budapest Hotel,https://www.imdb.com/title/tt2278388/,movie,8.1,99,2014,"Adventure, Comedy, Crime",677638,2014-02-06,Wes Anderson
85,tt0091763,2019-07-16,2019-07-16,,Platoon,https://www.imdb.com/title/tt0091763/,movie,8.1,120,1986,"Drama, War",369339,1986-12-19,Oliver Stone
86,tt2024544,2019-07-16,2019-07-16,,12 Years a Slave,https://www.imdb.com/title/tt2024544/,movie,8.1,134,2013,"Biography, Drama, History",615611,2013-08-30,Steve McQueen
87,tt1392214,2019-07-16,2019-07-16,,Prisoners,https://www.imdb.com/title/tt1392214/,movie,8.1,153,2013,"Crime, Drama, Mystery, Thriller",570611,2013-08-30,Denis Villeneuve
88,tt1392190,2019-07-16,2019-07-16,,Mad Max: Fury Road,https://www.imdb.com/title/tt1392190/,movie,8.1,120,2015,"Action, Adventure, Sci-Fi, Thriller",841882,2015-05-07,George Miller
89,tt3315342,2019-07-16,2019-07-16,,Logan,https://www.imdb.com/title/tt3315342/,movie,8.1,137,2017,"Action, Drama, Sci-Fi, Thriller",616580,2017-02-17,James Mangold
90,tt0264464,2019-07-16,2019-07-16,,Catch Me If You Can,https://www.imdb.com/title/tt0264464/,movie,8.1,141,2002,"Biography, Crime, Drama",784727,2002-12-16,Steven Spielberg
91,tt1895587,2019-07-16,2019-07-16,,Spotlight,https://www.imdb.com/title/tt1895587/,movie,8.1,129,2015,"Biography, Crime, Drama",398832,2015-09-03,Tom McCarthy
92,tt1201607,2019-07-16,2019-07-16,,Harry Potter and the Deathly Hallows: Part 2,https://www.imdb.com/title/tt1201607/,movie,8.1,130,2011,"Adventure, Drama, Fantasy, Mystery",733438,2011-07-07,David Yates
93,tt0198781,2019-07-16,2019-07-16,,"Monsters, Inc.",https://www.imdb.com/title/tt0198781/,movie,8.0,92,2001,"Animation, Adventure, Comedy, Family, Fantasy",786111,2001-10-28,"David Silverman, Pete Docter, Lee Unkrich"
94,tt0097165,2019-07-16,2019-07-16,,Dead Poets Society,https://www.imdb.com/title/tt0097165/,movie,8.1,128,1989,"Comedy, Drama",403664,1989-06-02,Peter Weir
95,tt0088247,2019-07-16,2019-07-16,,The Terminator,https://www.imdb.com/title/tt0088247/,movie,8.0,107,1984,"Action, Sci-Fi",775364,1984-10-26,James Cameron
96,tt4016934,2019-07-16,2019-07-16,,Ah-ga-ssi,https://www.imdb.com/title/tt4016934/,movie,8.1,145,2016,"Drama, Romance, Thriller",99590,2016-05-14,Chan-wook Park
97,tt0113247,2019-07-16,2019-07-16,,La haine,https://www.imdb.com/title/tt0113247/,movie,8.1,98,1995,"Crime, Drama",141137,1995-05-27,Mathieu Kassovitz
98,tt1454029,2019-07-16,2019-07-16,,The Help,https://www.imdb.com/title/tt1454029/,movie,8.1,146,2011,Drama,411948,2011-08-09,Tate Taylor
99,tt2015381,2019-07-16,2019-07-16,,Guardians of the Galaxy,https://www.imdb.com/title/tt2015381/,movie,8.0,121,2014,"Action, Adventure, Comedy, Sci-Fi",1013365,2014-07-21,James Gunn
100,tt0325980,2019-07-16,2019-07-16,,Pirates of the Caribbean: The Curse of the Black Pearl,https://www.imdb.com/title/tt0325980/,movie,8.0,143,2003,"Action, Adventure, Fantasy",994375,2003-06-28,Gore Verbinski
101,tt0328107,2019-07-16,2019-07-16,,Man on Fire,https://www.imdb.com/title/tt0328107/,movie,7.7,146,2004,"Action, Crime, Drama, Thriller",320702,2004-04-18,Tony Scott
102,tt0139654,2019-07-16,2019-07-16,,Training Day,https://www.imdb.com/title/tt0139654/,movie,7.7,122,2001,"Crime, Drama, Thriller",376047,2001-09-02,Antoine Fuqua
103,tt0453467,2019-07-16,2019-07-16,,Deja Vu,https://www.imdb.com/title/tt0453467/,movie,7.0,126,2006,"Action, Crime, Sci-Fi, Thriller",286376,2006-11-20,Tony Scott
104,tt1037705,2019-07-16,2019-07-16,,The Book of Eli,https://www.imdb.com/title/tt1037705/,movie,6.9,118,2010,"Action, Adventure, Drama, Thriller",285470,2010-01-11,"Allen Hughes, Albert Hughes"
105,tt0455944,2019-07-16,2019-07-16,,The Equalizer,https://www.imdb.com/title/tt0455944/,movie,7.2,132,2014,"Action, Crime, Thriller",320523,2014-09-07,Antoine Fuqua
106,tt1907668,2019-07-16,2019-07-16,,Flight,https://www.imdb.com/title/tt1907668/,movie,7.3,138,2012,"Drama, Thriller",316421,2012-10-14,Robert Zemeckis
107,tt1111422,2019-07-16,2019-07-16,,The Taking of Pelham 123,https://www.imdb.com/title/tt1111422/,movie,6.4,106,2009,"Action, Crime, Thriller",181337,2009-06-04,Tony Scott
108,tt0454848,2019-07-16,2019-07-16,,Inside Man,https://www.imdb.com/title/tt0454848/,movie,7.6,129,2006,"Crime, Drama, Mystery, Thriller",326525,2006-03-16,Spike Lee
109,tt0251160,2019-07-16,2019-07-16,,John Q,https://www.imdb.com/title/tt0251160/,movie,7.1,116,2002,"Crime, Drama, Thriller",120116,2002-02-15,Nick Cassavetes
110,tt0477080,2019-07-16,2019-07-16,,Unstoppable,https://www.imdb.com/title/tt0477080/,movie,6.8,98,2010,"Action, Thriller",179983,2010-10-26,Tony Scott
111,tt1599348,2019-07-16,2019-07-16,,Safe House,https://www.imdb.com/title/tt1599348/,movie,6.7,115,2012,"Action, Thriller",199772,2012-02-07,Daniel Espinosa
112,tt0765429,2019-07-16,2019-07-16,,American Gangster,https://www.imdb.com/title/tt0765429/,movie,7.8,157,2007,"Biography, Crime, Drama, Thriller",380557,2007-10-19,Ridley Scott
113,tt1272878,2019-07-16,2019-07-16,,2 Guns,https://www.imdb.com/title/tt1272878/,movie,6.7,109,2013,"Action, Comedy, Thriller",190267,2013-07-30,Baltasar Kormákur
114,tt0105323,2019-07-16,2019-07-16,,Scent of a Woman,https://www.imdb.com/title/tt0105323/,movie,8.0,156,1992,Drama,248044,1992-12-23,Martin Brest
115,tt0118971,2019-07-16,2019-07-16,,The Devil's Advocate,https://www.imdb.com/title/tt0118971/,movie,7.5,144,1997,"Drama, Mystery, Thriller",317321,1997-10-13,Taylor Hackford
116,tt0106519,2019-07-16,2019-07-16,,Carlito's Way,https://www.imdb.com/title/tt0106519/,movie,7.9,144,1993,"Crime, Drama, Thriller",194156,1993-11-07,Brian De Palma
117,tt0099674,2019-07-16,2019-07-16,,The Godfather: Part III,https://www.imdb.com/title/tt0099674/,movie,7.6,162,1990,"Crime, Drama",345545,1990-12-20,Francis Ford Coppola
118,tt0278504,2019-07-16,2019-07-16,,Insomnia,https://www.imdb.com/title/tt0278504/,movie,7.2,118,2002,"Drama, Mystery, Thriller",265089,2002-05-03,Christopher Nolan
119,tt0094226,2019-07-16,2019-07-16,,The Untouchables,https://www.imdb.com/title/tt0094226/,movie,7.9,119,1987,"Crime, Drama, Thriller",269372,1987-06-02,Brian De Palma
120,tt0217505,2019-07-16,2019-07-16,,Gangs of New York,https://www.imdb.com/title/tt0217505/,movie,7.5,167,2002,"Crime, Drama",392219,2002-12-09,Martin Scorsese
121,tt6823368,2019-07-16,2019-07-16,,Glass,https://www.imdb.com/title/tt6823368/,movie,6.7,129,2019,"Drama, Sci-Fi, Thriller",192070,2019-01-07,M. Night Shyamalan
122,tt4972582,2019-07-16,2019-07-16,,Split,https://www.imdb.com/title/tt4972582/,movie,7.3,117,2016,"Horror, Thriller",401784,2016-09-26,M. Night Shyamalan
123,tt1270797,2019-07-16,2019-07-16,,Venom,https://www.imdb.com/title/tt1270797/,movie,6.7,112,2018,"Action, Adventure, Sci-Fi, Thriller",333036,2018-10-01,Ruben Fleischer
124,tt4154664,2019-07-16,2019-07-16,,Captain Marvel,https://www.imdb.com/title/tt4154664/,movie,6.9,123,2019,"Action, Adventure, Sci-Fi",412941,2019-02-27,"Anna Boden, Ryan Fleck"
125,tt1677720,2019-07-16,2019-07-16,,Ready Player One,https://www.imdb.com/title/tt1677720/,movie,7.5,140,2018,"Action, Adventure, Sci-Fi",343731,2018-03-11,Steven Spielberg
126,tt1396484,2019-07-16,2019-07-16,,It,https://www.imdb.com/title/tt1396484/,movie,7.3,135,2017,Horror,434425,2017-09-05,Andy Muschietti
127,tt2737304,2019-07-16,2019-07-16,,Bird Box,https://www.imdb.com/title/tt2737304/,movie,6.6,124,2018,"Drama, Horror, Sci-Fi",259262,2018-11-12,Susanne Bier
128,tt5463162,2019-07-16,2019-07-16,,Deadpool 2,https://www.imdb.com/title/tt5463162/,movie,7.7,119,2018,"Action, Adventure, Comedy, Sci-Fi",451501,2018-05-01,David Leitch
129,tt5052448,2019-07-16,2019-07-16,,Get Out,https://www.imdb.com/title/tt5052448/,movie,7.7,104,2017,"Horror, Mystery, Thriller",460724,2017-01-23,Jordan Peele
130,tt1825683,2019-07-16,2019-07-16,,Black Panther,https://www.imdb.com/title/tt1825683/,movie,7.3,134,2018,"Action, Adventure, Sci-Fi",582594,2018-01-29,Ryan Coogler
131,tt6644200,2019-07-16,2019-07-16,,A Quiet Place,https://www.imdb.com/title/tt6644200/,movie,7.5,90,2018,"Drama, Horror, Sci-Fi",381551,2018-03-09,John Krasinski
132,tt1452628,2019-07-16,2019-07-16,,Vanishing on 7th Street,https://www.imdb.com/title/tt1452628/,movie,4.9,92,2010,"Horror, Mystery, Thriller",24544,2010-09-12,Brad Anderson
133,tt2802850,2019-07-16,2019-07-16,,Fargo,https://www.imdb.com/title/tt2802850/,tvSeries,8.9,53,2014,"Crime, Drama, Thriller",302300,2014-04-15,
134,tt0475784,2019-07-16,2019-07-16,,Westworld,https://www.imdb.com/title/tt0475784/,tvSeries,8.7,62,2016,"Drama, Mystery, Sci-Fi",400259,2016-09-30,
135,tt2085059,2019-07-16,2019-07-16,,Black Mirror,https://www.imdb.com/title/tt2085059/,tvSeries,8.8,60,2011,"Drama, Sci-Fi, Thriller",403006,2011-12-04,
136,tt0108778,2019-07-16,2019-07-16,,Friends,https://www.imdb.com/title/tt0108778/,tvSeries,8.9,22,1994,"Comedy, Romance",764636,1994-09-22,
137,tt0944947,2019-07-16,2019-07-16,,Game of Thrones,https://www.imdb.com/title/tt0944947/,tvSeries,9.3,57,2011,"Action, Adventure, Drama, Fantasy, Romance",1678139,2011-04-17,
138,tt0443706,2019-07-16,2019-07-16,,Zodiac,https://www.imdb.com/title/tt0443706/,movie,7.7,157,2007,"Crime, Drama, Mystery, Thriller",432097,2007-02-28,David Fincher
139,tt2872718,2019-07-16,2019-07-16,,Nightcrawler,https://www.imdb.com/title/tt2872718/,movie,7.8,117,2014,"Crime, Drama, Thriller",440377,2014-09-05,Dan Gilroy
140,tt1285016,2019-07-16,2019-07-16,,The Social Network,https://www.imdb.com/title/tt1285016/,movie,7.7,120,2010,"Biography, Drama",600152,2010-09-24,David Fincher
141,tt1568346,2019-07-16,2019-07-16,,The Girl with the Dragon Tattoo,https://www.imdb.com/title/tt1568346/,movie,7.8,158,2011,"Crime, Drama, Mystery, Thriller",407055,2011-12-12,David Fincher
142,tt2267998,2019-07-16,2019-07-16,,Gone Girl,https://www.imdb.com/title/tt2267998/,movie,8.1,149,2014,"Drama, Mystery, Thriller",819775,2014-09-26,David Fincher
143,tt2316411,2019-07-16,2019-07-16,,Enemy,https://www.imdb.com/title/tt2316411/,movie,6.9,91,2013,"Drama, Mystery, Thriller",158015,2013-09-08,Denis Villeneuve
144,tt0421715,2019-07-16,2019-07-16,,The Curious Case of Benjamin Button,https://www.imdb.com/title/tt0421715/,movie,7.8,166,2008,"Drama, Fantasy, Romance",569035,2008-12-10,David Fincher
145,tt4550098,2019-07-16,2019-07-16,,Nocturnal Animals,https://www.imdb.com/title/tt4550098/,movie,7.5,116,2016,"Drama, Thriller",225091,2016-09-02,Tom Ford
146,tt0119174,2019-07-16,2019-07-16,,The Game,https://www.imdb.com/title/tt0119174/,movie,7.8,129,1997,"Action, Drama, Mystery, Thriller",332272,1997-09-03,David Fincher
147,tt0945513,2019-07-16,2019-07-16,,Source Code,https://www.imdb.com/title/tt0945513/,movie,7.5,93,2011,"Action, Drama, Mystery, Sci-Fi, Thriller",472387,2011-03-11,Duncan Jones
148,tt3464902,2019-07-16,2019-07-16,,The Lobster,https://www.imdb.com/title/tt3464902/,movie,7.2,119,2015,"Comedy, Drama, Romance, Sci-Fi, Thriller",205195,2015-05-15,Yorgos Lanthimos
149,tt1798709,2019-07-16,2019-07-16,,Her,https://www.imdb.com/title/tt1798709/,movie,8.0,126,2013,"Drama, Romance, Sci-Fi",514023,2013-10-12,Spike Jonze
150,tt2562232,2019-07-16,2019-07-16,,Birdman or (The Unexpected Virtue of Ignorance),https://www.imdb.com/title/tt2562232/,movie,7.7,119,2014,"Comedy, Drama",558341,2014-08-27,Alejandro G. Iñárritu
151,tt5715874,2019-07-16,2019-07-16,,The Killing of a Sacred Deer,https://www.imdb.com/title/tt5715874/,movie,7.0,121,2017,"Drama, Horror, Mystery, Thriller",111240,2017-05-22,Yorgos Lanthimos
152,tt5083738,2019-07-16,2019-07-16,,The Favourite,https://www.imdb.com/title/tt5083738/,movie,7.5,119,2018,"Biography, Comedy, Drama, History",158383,2018-08-30,Yorgos Lanthimos
153,tt0947798,2019-07-16,2019-07-16,,Black Swan,https://www.imdb.com/title/tt0947798/,movie,8.0,108,2010,"Drama, Thriller",679698,2010-09-01,Darren Aronofsky
154,tt2543164,2019-07-16,2019-07-16,,Arrival,https://www.imdb.com/title/tt2543164/,movie,7.9,116,2016,"Drama, Mystery, Sci-Fi, Thriller",565201,2016-09-01,Denis Villeneuve
155,tt2798920,2019-07-16,2019-07-16,,Annihilation,https://www.imdb.com/title/tt2798920/,movie,6.9,115,2018,"Adventure, Drama, Horror, Mystery, Sci-Fi, Thriller",264495,2018-02-13,Alex Garland
156,tt7784604,2019-07-16,2019-07-16,,Hereditary,https://www.imdb.com/title/tt7784604/,movie,7.3,127,2018,"Drama, Horror, Mystery, Thriller",209497,2018-01-21,Ari Aster
157,tt1179933,2019-07-16,2019-07-16,,10 Cloverfield Lane,https://www.imdb.com/title/tt1179933/,movie,7.2,103,2016,"Drama, Horror, Mystery, Sci-Fi, Thriller",279224,2016-03-08,Dan Trachtenberg
158,tt0470752,2019-07-16,2019-07-16,,Ex Machina,https://www.imdb.com/title/tt0470752/,movie,7.7,108,2014,"Drama, Mystery, Sci-Fi, Thriller",455193,2014-12-16,Alex Garland
159,tt3235888,2019-07-16,2019-07-16,,It Follows,https://www.imdb.com/title/tt3235888/,movie,6.8,100,2014,"Horror, Mystery, Thriller",199508,2014-05-17,David Robert Mitchell
160,tt1457767,2019-07-16,2019-07-16,,The Conjuring,https://www.imdb.com/title/tt1457767/,movie,7.5,112,2013,"Horror, Mystery, Thriller",424814,2013-06-08,James Wan
161,tt1060277,2019-07-16,2019-07-16,,Cloverfield,https://www.imdb.com/title/tt1060277/,movie,7.0,85,2008,"Action, Adventure, Horror, Mystery, Sci-Fi, Thriller",364710,2008-01-16,Matt Reeves
162,tt0884328,2019-07-16,2019-07-16,,The Mist,https://www.imdb.com/title/tt0884328/,movie,7.1,126,2007,"Horror, Sci-Fi",273126,2007-11-12,Frank Darabont
163,tt1650062,2019-07-16,2019-07-16,,Super 8,https://www.imdb.com/title/tt1650062/,movie,7.0,112,2011,"Mystery, Sci-Fi, Thriller",331660,2011-06-09,J.J. Abrams
164,tt0230600,2019-07-16,2019-07-16,,The Others,https://www.imdb.com/title/tt0230600/,movie,7.6,101,2001,"Horror, Mystery, Thriller",327248,2001-08-02,Alejandro Amenábar
165,tt0450385,2019-07-16,2019-07-16,,1408,https://www.imdb.com/title/tt0450385/,movie,6.8,104,2007,"Fantasy, Horror, Mystery",250124,2007-06-12,Mikael Håfström
166,tt0384537,2019-07-16,2019-07-16,,Silent Hill,https://www.imdb.com/title/tt0384537/,movie,6.5,125,2006,Horror,209434,2006-04-20,Christophe Gans
167,tt0195714,2019-07-16,2019-07-16,,Final Destination,https://www.imdb.com/title/tt0195714/,movie,6.7,98,2000,"Horror, Thriller",222487,2000-03-16,James Wong
168,tt0949731,2019-07-16,2019-07-16,,The Happening,https://www.imdb.com/title/tt0949731/,movie,5.0,91,2008,"Drama, Mystery, Sci-Fi, Thriller",191897,2008-06-10,M. Night Shyamalan
169,tt0286106,2019-07-16,2019-07-16,,Signs,https://www.imdb.com/title/tt0286106/,movie,6.7,106,2002,"Drama, Mystery, Sci-Fi, Thriller",329070,2002-07-29,M. Night Shyamalan
170,tt2053463,2019-07-16,2019-07-16,,Side Effects,https://www.imdb.com/title/tt2053463/,movie,7.1,106,2013,"Crime, Drama, Mystery, Thriller",176047,2013-01-31,Steven Soderbergh
171,tt1598778,2019-07-16,2019-07-16,,Contagion,https://www.imdb.com/title/tt1598778/,movie,6.7,106,2011,"Action, Drama, Thriller",267714,2011-09-03,Steven Soderbergh
172,tt0816711,2019-07-16,2019-07-16,,World War Z,https://www.imdb.com/title/tt0816711/,movie,7.0,116,2013,"Action, Adventure, Horror, Sci-Fi",584179,2013-06-02,Marc Forster
173,tt0480249,2019-07-16,2019-07-16,,I Am Legend,https://www.imdb.com/title/tt0480249/,movie,7.2,101,2007,"Adventure, Drama, Sci-Fi, Thriller",668072,2007-12-05,Francis Lawrence
174,tt0343818,2019-07-16,2019-07-16,,"I, Robot",https://www.imdb.com/title/tt0343818/,movie,7.1,115,2004,"Action, Drama, Sci-Fi, Thriller",486542,2004-07-07,Alex Proyas
175,tt0448157,2019-07-16,2019-07-16,,Hancock,https://www.imdb.com/title/tt0448157/,movie,6.4,92,2008,"Action, Fantasy",433001,2008-06-16,Peter Berg
176,tt1631867,2019-07-16,2019-07-16,,Edge of Tomorrow,https://www.imdb.com/title/tt1631867/,movie,7.9,113,2014,"Action, Adventure, Sci-Fi",578647,2014-05-28,Doug Liman
177,tt0356910,2019-07-16,2019-07-16,,Mr. & Mrs. Smith,https://www.imdb.com/title/tt0356910/,movie,6.5,120,2005,"Action, Comedy, Crime, Thriller",438107,2005-06-07,Doug Liman
178,tt0332452,2019-07-16,2019-07-16,,Troy,https://www.imdb.com/title/tt0332452/,movie,7.2,163,2004,"Drama, History",475068,2004-05-09,Wolfgang Petersen
179,tt1483013,2019-07-16,2019-07-16,,Oblivion,https://www.imdb.com/title/tt1483013/,movie,7.0,124,2013,"Action, Adventure, Sci-Fi",472741,2013-03-26,Joseph Kosinski
180,tt0416449,2019-07-16,2019-07-16,,300,https://www.imdb.com/title/tt0416449/,movie,7.6,117,2006,"Action, Drama",717215,2006-12-09,Zack Snyder
181,tt0319262,2019-07-16,2019-07-16,,The Day After Tomorrow,https://www.imdb.com/title/tt0319262/,movie,6.4,124,2004,"Action, Adventure, Sci-Fi, Thriller",404766,2004-05-17,Roland Emmerich
182,tt1535108,2019-07-16,2019-07-16,,Elysium,https://www.imdb.com/title/tt1535108/,movie,6.6,109,2013,"Action, Drama, Sci-Fi",410716,2013-08-07,Neill Blomkamp
183,tt0116629,2019-07-16,2019-07-16,,Independence Day,https://www.imdb.com/title/tt0116629/,movie,7.0,145,1996,"Action, Adventure, Sci-Fi",514678,1996-06-25,Roland Emmerich
184,tt2713180,2019-07-16,2019-07-16,,Fury,https://www.imdb.com/title/tt2713180/,movie,7.6,134,2014,"Action, Drama, War",409396,2014-10-15,David Ayer
185,tt0411008,2019-07-16,2019-07-16,,Lost,https://www.imdb.com/title/tt0411008/,tvSeries,8.3,44,2004,"Adventure, Drama, Fantasy, Mystery, Sci-Fi, Thriller",476523,2004-09-22,
186,tt0499549,2019-07-16,2019-07-16,,Avatar,https://www.imdb.com/title/tt0499549/,movie,7.8,162,2009,"Action, Adventure, Fantasy, Sci-Fi",1092604,2009-12-10,James Cameron
187,tt0120338,2019-07-16,2019-07-16,,Titanic,https://www.imdb.com/title/tt0120338/,movie,7.8,194,1997,"Drama, Romance",1011685,1997-11-01,James Cameron
188,tt3659388,2019-07-16,2019-07-16,,The Martian,https://www.imdb.com/title/tt3659388/,movie,8.0,144,2015,"Adventure, Drama, Sci-Fi",730463,2015-09-11,Ridley Scott
189,tt1454468,2019-07-16,2019-07-16,,Gravity,https://www.imdb.com/title/tt1454468/,movie,7.7,91,2013,"Drama, Sci-Fi, Thriller",748018,2013-08-28,Alfonso Cuarón
190,tt1431045,2019-07-16,2019-07-16,,Deadpool,https://www.imdb.com/title/tt1431045/,movie,8.0,108,2016,"Action, Adventure, Comedy, Sci-Fi",872624,2016-01-21,Tim Miller
191,tt0371746,2019-07-16,2019-07-16,,Iron Man,https://www.imdb.com/title/tt0371746/,movie,7.9,126,2008,"Action, Adventure, Sci-Fi",912054,2008-04-14,Jon Favreau
192,tt3896198,2019-07-16,2019-07-16,,Guardians of the Galaxy Vol. 2,https://www.imdb.com/title/tt3896198/,movie,7.6,136,2017,"Action, Adventure, Comedy, Sci-Fi",540264,2017-04-10,James Gunn
193,tt0458339,2019-07-16,2019-07-16,,Captain America: The First Avenger,https://www.imdb.com/title/tt0458339/,movie,6.9,124,2011,"Action, Adventure, Sci-Fi",715079,2011-07-19,Joe Johnston
194,tt1392170,2019-07-16,2019-07-16,,The Hunger Games,https://www.imdb.com/title/tt1392170/,movie,7.2,142,2012,"Action, Adventure, Sci-Fi, Thriller",823050,2012-03-12,Gary Ross
195,tt2884018,2019-07-16,2019-07-16,,Macbeth,https://www.imdb.com/title/tt2884018/,movie,6.6,113,2015,"Drama, History, War",51422,2015-05-23,Justin Kurzel
196,tt1401152,2019-07-16,2019-07-16,,Unknown,https://www.imdb.com/title/tt1401152/,movie,6.8,113,2011,"Action, Mystery, Thriller",242984,2011-02-16,Jaume Collet-Serra
197,tt2024469,2019-07-16,2019-07-16,,Non-Stop,https://www.imdb.com/title/tt2024469/,movie,6.9,106,2014,"Action, Mystery, Thriller",244467,2014-01-27,Jaume Collet-Serra
198,tt1397280,2019-07-16,2019-07-16,,Taken 2,https://www.imdb.com/title/tt1397280/,movie,6.3,92,2012,"Action, Thriller",283381,2012-09-07,Olivier Megaton
199,tt0936501,2019-07-16,2019-07-16,,Taken,https://www.imdb.com/title/tt0936501/,movie,7.8,90,2008,"Action, Thriller",554302,2008-02-27,Pierre Morel
200,tt2446042,2019-07-16,2019-07-16,,Taken 3,https://www.imdb.com/title/tt2446042/,movie,6.0,108,2014,"Action, Thriller",173891,2014-12-16,Olivier Megaton
201,tt1601913,2019-07-16,2019-07-16,,The Grey,https://www.imdb.com/title/tt1601913/,movie,6.8,117,2011,"Action, Adventure, Drama, Thriller",235962,2011-12-11,Joe Carnahan
202,tt0429493,2019-07-16,2019-07-16,,The A-Team,https://www.imdb.com/title/tt0429493/,movie,6.7,117,2010,"Action, Adventure, Thriller",241776,2010-06-03,Joe Carnahan
203,tt0365907,2019-07-16,2019-07-16,,A Walk Among the Tombstones,https://www.imdb.com/title/tt0365907/,movie,6.5,114,2014,"Action, Crime, Drama, Mystery, Thriller",109723,2014-09-18,Scott Frank
204,tt1590193,2019-07-16,2019-07-16,,The Commuter,https://www.imdb.com/title/tt1590193/,movie,6.3,105,2018,"Action, Mystery, Thriller",97708,2018-01-08,Jaume Collet-Serra
205,tt1245526,2019-07-16,2019-07-16,,RED,https://www.imdb.com/title/tt1245526/,movie,7.0,111,2010,"Action, Comedy, Crime, Thriller",281344,2010-09-29,Robert Schwentke
206,tt1748179,2019-07-16,2019-07-16,,Red Lights,https://www.imdb.com/title/tt1748179/,movie,6.2,114,2012,"Drama, Fantasy, Horror, Mystery, Thriller",57162,2012-01-20,Rodrigo Cortés
207,tt0944835,2019-07-16,2019-07-16,,Salt,https://www.imdb.com/title/tt0944835/,movie,6.4,100,2010,"Action, Mystery, Thriller",288693,2010-07-19,Phillip Noyce
208,tt0493464,2019-07-16,2019-07-16,,Wanted,https://www.imdb.com/title/tt0493464/,movie,6.7,110,2008,"Action, Crime, Fantasy, Thriller",352454,2008-06-12,Timur Bekmambetov
209,tt1243957,2019-07-16,2019-07-16,,The Tourist,https://www.imdb.com/title/tt1243957/,movie,6.0,103,2010,"Action, Adventure, Crime, Mystery, Romance, Thriller",217464,2010-12-06,Florian Henckel von Donnersmarck
210,tt0824747,2019-07-16,2019-07-16,,Changeling,https://www.imdb.com/title/tt0824747/,movie,7.7,141,2008,"Biography, Crime, Drama, History, Mystery, Thriller",230409,2008-05-20,Clint Eastwood
211,tt0364045,2019-07-16,2019-07-16,,Taking Lives,https://www.imdb.com/title/tt0364045/,movie,6.3,103,2004,"Crime, Mystery, Thriller",78161,2004-03-16,D.J. Caruso
212,tt0386140,2019-07-16,2019-07-16,,The Legend of Zorro,https://www.imdb.com/title/tt0386140/,movie,6.0,129,2005,"Action, Adventure, Romance, Thriller, Western",90354,2005-10-24,Martin Campbell
213,tt0145681,2019-07-16,2019-07-16,,The Bone Collector,https://www.imdb.com/title/tt0145681/,movie,6.7,118,1999,"Crime, Drama, Mystery, Thriller",149357,1999-08-29,Phillip Noyce
214,tt1197624,2019-07-16,2019-07-16,,Law Abiding Citizen,https://www.imdb.com/title/tt1197624/,movie,7.4,109,2009,"Action, Crime, Drama, Thriller",263954,2009-09-23,F. Gary Gray
215,tt2302755,2019-07-16,2019-07-16,,Olympus Has Fallen,https://www.imdb.com/title/tt2302755/,movie,6.5,119,2013,"Action, Thriller",250303,2013-03-18,Antoine Fuqua
216,tt1458175,2019-07-16,2019-07-16,,The Next Three Days,https://www.imdb.com/title/tt1458175/,movie,7.4,133,2010,"Action, Crime, Drama, Romance, Thriller",176816,2010-11-09,Paul Haggis
217,tt1586752,2019-07-16,2019-07-16,,Machine Gun Preacher,https://www.imdb.com/title/tt1586752/,movie,6.8,129,2011,"Action, Biography, Crime, Drama",61795,2011-09-11,Marc Forster
218,tt1723121,2019-07-16,2019-07-16,,We're the Millers,https://www.imdb.com/title/tt1723121/,movie,7.0,110,2013,"Comedy, Crime",390451,2013-08-03,Rawson Marshall Thurber
219,tt2170439,2019-07-16,2019-07-16,,Horrible Bosses 2,https://www.imdb.com/title/tt2170439/,movie,6.3,108,2014,"Comedy, Crime",153090,2014-11-12,Sean Anders
220,tt1499658,2019-07-16,2019-07-16,,Horrible Bosses,https://www.imdb.com/title/tt1499658/,movie,6.9,98,2011,"Comedy, Crime",412567,2011-07-08,Seth Gordon
221,tt1232829,2019-07-16,2019-07-16,,21 Jump Street,https://www.imdb.com/title/tt1232829/,movie,7.2,109,2012,"Action, Comedy, Crime",497722,2012-03-12,"Christopher Miller, Phil Lord"
222,tt1637725,2019-07-16,2019-07-16,,Ted,https://www.imdb.com/title/tt1637725/,movie,6.9,106,2012,Comedy,557726,2012-06-29,Seth MacFarlane
223,tt2294449,2019-07-16,2019-07-16,,22 Jump Street,https://www.imdb.com/title/tt2294449/,movie,7.0,112,2014,"Action, Comedy, Crime",335824,2014-06-04,"Christopher Miller, Phil Lord"
224,tt1411697,2019-07-16,2019-07-16,,The Hangover Part II,https://www.imdb.com/title/tt1411697/,movie,6.4,102,2011,Comedy,452014,2011-05-19,Todd Phillips
225,tt1119646,2019-07-16,2019-07-16,,The Hangover,https://www.imdb.com/title/tt1119646/,movie,7.7,100,2009,Comedy,699485,2009-05-30,Todd Phillips
226,tt1951261,2019-07-16,2019-07-16,,The Hangover Part III,https://www.imdb.com/title/tt1951261/,movie,5.8,100,2013,"Comedy, Crime",285169,2013-05-20,Todd Phillips
227,tt4438848,2019-07-16,2019-07-16,,Neighbors 2: Sorority Rising,https://www.imdb.com/title/tt4438848/,movie,5.7,92,2016,Comedy,109799,2016-04-26,Nicholas Stoller
228,tt2637276,2019-07-16,2019-07-16,,Ted 2,https://www.imdb.com/title/tt2637276/,movie,6.3,115,2015,Comedy,177771,2015-06-25,Seth MacFarlane
229,tt1245492,2019-07-16,2019-07-16,,This Is the End,https://www.imdb.com/title/tt1245492/,movie,6.6,107,2013,Comedy,375048,2013-06-03,"Evan Goldberg, Seth Rogen"
230,tt1618434,2019-07-16,2019-07-16,,Murder Mystery,https://www.imdb.com/title/tt1618434/,movie,6.0,97,2019,"Action, Comedy, Crime, Mystery, Romance",89592,2019-06-14,Kyle Newacheck
231,tt2283362,2019-07-16,2019-07-16,,Jumanji: Welcome to the Jungle,https://www.imdb.com/title/tt2283362/,movie,6.9,119,2017,"Action, Adventure, Comedy, Fantasy",301543,2017-12-05,Jake Kasdan
232,tt6663582,2019-07-16,2019-07-16,,The Spy Who Dumped Me,https://www.imdb.com/title/tt6663582/,movie,6.0,117,2018,"Action, Adventure, Comedy",63100,2018-07-25,Susanna Fogel
233,tt6292852,2019-07-16,2019-07-16,,I Am Mother,https://www.imdb.com/title/tt6292852/,movie,6.7,113,2019,"Drama, Mystery, Sci-Fi, Thriller",66436,2019-01-25,Grant Sputore
234,tt0389860,2019-07-16,2019-07-16,,Click,https://www.imdb.com/title/tt0389860/,movie,6.4,107,2006,"Comedy, Drama, Fantasy, Romance",297182,2006-06-14,Frank Coraci
235,tt1542344,2019-07-16,2019-07-16,,127 Hours,https://www.imdb.com/title/tt1542344/,movie,7.6,94,2010,"Biography, Drama",338907,2010-09-04,Danny Boyle
236,tt0162222,2019-07-16,2019-07-16,,Cast Away,https://www.imdb.com/title/tt0162222/,movie,7.8,143,2000,"Adventure, Drama, Romance",503300,2000-12-07,Robert Zemeckis
237,tt0454921,2019-07-16,2019-07-16,,The Pursuit of Happyness,https://www.imdb.com/title/tt0454921/,movie,8.0,117,2006,"Biography, Drama",430781,2006-12-15,Gabriele Muccino
238,tt1535109,2019-07-16,2019-07-16,,Captain Phillips,https://www.imdb.com/title/tt1535109/,movie,7.8,134,2013,"Biography, Crime, Drama, Thriller",407280,2013-09-27,Paul Greengrass
239,tt1010048,2019-07-16,2019-07-16,,Slumdog Millionaire,https://www.imdb.com/title/tt1010048/,movie,8.0,120,2008,"Drama, Romance",779931,2008-08-30,"Loveleen Tandan, Danny Boyle"
240,tt0183649,2019-07-16,2019-07-16,,Phone Booth,https://www.imdb.com/title/tt0183649/,movie,7.0,81,2002,"Crime, Thriller",245532,2002-09-10,Joel Schumacher
241,tt3263904,2019-07-16,2019-07-16,,Sully,https://www.imdb.com/title/tt3263904/,movie,7.4,96,2016,"Biography, Drama",224857,2016-09-02,Clint Eastwood
242,tt0450259,2019-07-16,2019-07-16,,Blood Diamond,https://www.imdb.com/title/tt0450259/,movie,8.0,143,2006,"Adventure, Drama, Thriller",484382,2006-12-06,Edward Zwick
243,tt1439572,2019-07-16,2019-07-16,,Perfect Sense,https://www.imdb.com/title/tt1439572/,movie,7.1,92,2011,"Drama, Romance, Sci-Fi",54255,2011-01-24,David Mackenzie
244,tt1924396,2019-07-16,2019-07-16,,La migliore offerta,https://www.imdb.com/title/tt1924396/,movie,7.8,131,2013,"Crime, Drama, Mystery, Romance",103561,2013-01-01,Giuseppe Tornatore
245,tt5109784,2019-07-16,2019-07-16,,Mother!,https://www.imdb.com/title/tt5109784/,movie,6.6,121,2017,"Drama, Horror, Mystery",180589,2017-09-05,Darren Aronofsky
246,tt0361862,2019-07-16,2019-07-16,,The Machinist,https://www.imdb.com/title/tt0361862/,movie,7.7,101,2004,"Drama, Thriller",346831,2004-01-18,Brad Anderson
247,tt2397535,2019-07-16,2019-07-16,,Predestination,https://www.imdb.com/title/tt2397535/,movie,7.5,97,2014,"Action, Adventure, Drama, Mystery, Sci-Fi, Thriller",241363,2014-03-08,"Michael Spierig, Peter Spierig"
248,tt2404435,2019-07-16,2019-07-16,,The Magnificent Seven,https://www.imdb.com/title/tt2404435/,movie,6.9,132,2016,"Action, Adventure, Western",178852,2016-09-08,Antoine Fuqua
249,tt3766354,2019-07-16,2019-07-16,,The Equalizer 2,https://www.imdb.com/title/tt3766354/,movie,6.7,121,2018,"Action, Crime, Thriller",119054,2018-07-19,Antoine Fuqua
250,tt0174856,2019-07-16,2019-07-16,,The Hurricane,https://www.imdb.com/title/tt0174856/,movie,7.6,146,1999,"Biography, Drama, Sport",89297,1999-09-17,Norman Jewison
251,tt0995829,2019-07-16,2019-07-16,,XXY,https://www.imdb.com/title/tt0995829/,movie,7.1,86,2007,"Drama, Romance",12857,2007-05-20,Lucía Puenzo
252,tt4560436,2019-07-16,2019-07-16,,Mile 22,https://www.imdb.com/title/tt4560436/,movie,6.1,94,2018,"Action, Thriller",60661,2018-08-16,Peter Berg
253,tt5478478,2019-07-16,2019-07-16,,Hostiles,https://www.imdb.com/title/tt5478478/,movie,7.2,134,2017,"Drama, Western",64541,2017-09-02,Scott Cooper
254,tt0181852,2019-07-16,2019-07-16,,Terminator 3: Rise of the Machines,https://www.imdb.com/title/tt0181852/,movie,6.3,109,2003,"Action, Sci-Fi",368772,2003-06-30,Jonathan Mostow
255,tt0438488,2019-07-16,2019-07-16,,Terminator Salvation,https://www.imdb.com/title/tt0438488/,movie,6.5,115,2009,"Action, Adventure, Sci-Fi",336470,2009-05-14,McG
256,tt1340138,2019-07-16,2019-07-16,,Terminator Genisys,https://www.imdb.com/title/tt1340138/,movie,6.4,126,2015,"Action, Adventure, Sci-Fi, Thriller",252072,2015-06-21,Alan Taylor
257,tt1126590,2019-07-16,2019-07-16,,Big Eyes,https://www.imdb.com/title/tt1126590/,movie,7.0,106,2014,"Biography, Crime, Drama, Romance",82394,2014-11-13,Tim Burton
258,tt3799694,2019-07-16,2019-07-16,,The Nice Guys,https://www.imdb.com/title/tt3799694/,movie,7.4,116,2016,"Action, Comedy, Crime, Mystery, Thriller",263924,2016-05-10,Shane Black
259,tt0380510,2019-07-16,2019-07-16,,The Lovely Bones,https://www.imdb.com/title/tt0380510/,movie,6.7,135,2009,"Drama, Fantasy, Thriller",152833,2009-11-24,Peter Jackson
260,tt1446714,2019-07-16,2019-07-16,,Prometheus,https://www.imdb.com/title/tt1446714/,movie,7.0,124,2012,"Adventure, Mystery, Sci-Fi",556281,2012-04-11,Ridley Scott
261,tt1856101,2019-07-16,2019-07-16,,Blade Runner 2049,https://www.imdb.com/title/tt1856101/,movie,8.0,164,2017,"Action, Drama, Mystery, Sci-Fi, Thriller",430938,2017-10-03,Denis Villeneuve
262,tt0382625,2019-07-16,2019-07-16,,The Da Vinci Code,https://www.imdb.com/title/tt0382625/,movie,6.6,149,2006,"Mystery, Thriller",389169,2006-05-17,Ron Howard
263,tt3682448,2019-07-16,2019-07-16,,Bridge of Spies,https://www.imdb.com/title/tt3682448/,movie,7.6,142,2015,"Drama, History, Thriller",277328,2015-10-04,Steven Spielberg
264,tt5013056,2019-07-16,2019-07-16,,Dunkirk,https://www.imdb.com/title/tt5013056/,movie,7.9,106,2017,"Action, Drama, History, Thriller, War",518192,2017-07-13,Christopher Nolan
265,tt2980210,2019-07-16,2019-07-16,,A Hologram for the King,https://www.imdb.com/title/tt2980210/,movie,6.1,98,2016,"Comedy, Drama, Romance",38738,2016-04-20,Tom Tykwer
266,tt0120363,2019-07-16,2019-07-16,,Toy Story 2,https://www.imdb.com/title/tt0120363/,movie,7.9,92,1999,"Animation, Adventure, Comedy, Family, Fantasy",508775,1999-11-13,"John Lasseter, Lee Unkrich, Ash Brannon"
267,tt3501632,2019-07-16,2019-07-16,,Thor: Ragnarok,https://www.imdb.com/title/tt3501632/,movie,7.9,130,2017,"Action, Adventure, Comedy, Fantasy, Sci-Fi",552555,2017-10-10,Taika Waititi
268,tt1504320,2019-07-16,2019-07-16,,The King's Speech,https://www.imdb.com/title/tt1504320/,movie,8.0,118,2010,"Biography, Drama, History",622322,2010-09-06,Tom Hooper
269,tt1663202,2019-07-16,2019-07-16,,The Revenant,https://www.imdb.com/title/tt1663202/,movie,8.0,156,2015,"Action, Adventure, Biography, Drama, History, Western",674684,2015-12-16,Alejandro G. Iñárritu
270,tt3498820,2019-07-16,2019-07-16,,Captain America: Civil War,https://www.imdb.com/title/tt3498820/,movie,7.8,147,2016,"Action, Adventure, Sci-Fi",634749,2016-04-12,"Anthony Russo, Joe Russo"
271,tt1211837,2019-07-16,2019-07-16,,Doctor Strange,https://www.imdb.com/title/tt1211837/,movie,7.5,115,2016,"Action, Adventure, Fantasy, Sci-Fi",569100,2016-10-13,Scott Derrickson
272,tt1298650,2019-07-16,2019-07-16,,Pirates of the Caribbean: On Stranger Tides,https://www.imdb.com/title/tt1298650/,movie,6.6,137,2011,"Action, Adventure, Fantasy",467982,2011-05-07,Rob Marshall
273,tt2395427,2019-07-16,2019-07-16,,Avengers: Age of Ultron,https://www.imdb.com/title/tt2395427/,movie,7.3,141,2015,"Action, Adventure, Sci-Fi",713829,2015-04-13,Joss Whedon
274,tt0099088,2019-07-16,2019-07-16,,Back to the Future Part III,https://www.imdb.com/title/tt0099088/,movie,7.4,118,1990,"Adventure, Comedy, Sci-Fi, Western",386782,1990-05-25,Robert Zemeckis
275,tt3065204,2019-07-16,2019-07-16,,The Conjuring 2,https://www.imdb.com/title/tt3065204/,movie,7.3,134,2016,"Horror, Mystery, Thriller",214270,2016-05-13,James Wan
276,tt0289879,2019-07-16,2019-07-16,,The Butterfly Effect,https://www.imdb.com/title/tt0289879/,movie,7.6,113,2004,"Drama, Sci-Fi, Thriller",440163,2004-01-17,"J. Mackye Gruber, Eric Bress"
277,tt0780504,2019-07-16,2019-07-16,,Drive,https://www.imdb.com/title/tt0780504/,movie,7.8,100,2011,"Crime, Drama",551548,2011-05-20,Nicolas Winding Refn
278,tt1935859,2019-07-16,2019-07-16,,Miss Peregrine's Home for Peculiar Children,https://www.imdb.com/title/tt1935859/,movie,6.7,127,2016,"Adventure, Drama, Family, Fantasy, Thriller",149972,2016-09-25,Tim Burton
279,tt1253863,2019-07-16,2019-07-16,,300: Rise of an Empire,https://www.imdb.com/title/tt1253863/,movie,6.2,102,2014,"Action, Drama",274330,2014-03-04,Noam Murro
280,tt1860213,2019-07-16,2019-07-16,,Dirty Grandpa,https://www.imdb.com/title/tt1860213/,movie,5.9,102,2016,Comedy,109003,2016-01-20,Dan Mazer
281,tt1951265,2019-07-16,2019-07-16,,The Hunger Games: Mockingjay - Part 1,https://www.imdb.com/title/tt1951265/,movie,6.6,123,2014,"Action, Adventure, Sci-Fi, Thriller",399691,2014-11-10,Francis Lawrence
282,tt2321549,2019-07-16,2019-07-16,,The Babadook,https://www.imdb.com/title/tt2321549/,movie,6.8,94,2014,"Drama, Horror",187337,2014-01-17,Jennifer Kent
283,tt0398286,2019-07-16,2019-07-16,,Tangled,https://www.imdb.com/title/tt0398286/,movie,7.7,100,2010,"Animation, Adventure, Comedy, Family, Fantasy, Musical, Romance",391228,2010-11-24,"Byron Howard, Nathan Greno"
284,tt0163025,2019-07-16,2019-07-16,,Jurassic Park III,https://www.imdb.com/title/tt0163025/,movie,5.9,92,2001,"Action, Adventure, Sci-Fi, Thriller",287579,2001-07-16,Joe Johnston
285,tt2980516,2019-07-16,2019-07-16,,The Theory of Everything,https://www.imdb.com/title/tt2980516/,movie,7.7,123,2014,"Biography, Drama, Romance",385207,2014-09-07,James Marsh
286,tt5968394,2019-07-16,2019-07-16,,Captive State,https://www.imdb.com/title/tt5968394/,movie,6.0,109,2019,"Action, Adventure, Drama, Horror, Mystery, Sci-Fi, Thriller",44839,2019-03-15,Rupert Wyatt
287,tt1259528,2019-07-16,2019-07-16,,Den of Thieves,https://www.imdb.com/title/tt1259528/,movie,7.0,140,2018,"Action, Crime, Drama, Mystery, Thriller",85537,2018-01-18,Christian Gudegast
288,tt1217209,2019-07-16,2019-07-16,,Brave,https://www.imdb.com/title/tt1217209/,movie,7.1,93,2012,"Animation, Adventure, Comedy, Family, Fantasy",360218,2012-06-10,"Steve Purcell, Mark Andrews, Brenda Chapman"
289,tt0166924,2019-07-16,2019-07-16,,Mulholland Dr.,https://www.imdb.com/title/tt0166924/,movie,8.0,147,2001,"Drama, Mystery, Thriller",307668,2001-05-16,David Lynch
290,tt1591095,2019-07-16,2019-07-16,,Insidious,https://www.imdb.com/title/tt1591095/,movie,6.8,103,2010,"Horror, Mystery, Thriller",268519,2010-09-14,James Wan
291,tt2310332,2019-07-16,2019-07-16,,The Hobbit: The Battle of the Five Armies,https://www.imdb.com/title/tt2310332/,movie,7.4,144,2014,"Adventure, Fantasy",459642,2014-12-01,Peter Jackson
292,tt1024648,2019-07-16,2019-07-16,,Argo,https://www.imdb.com/title/tt1024648/,movie,7.7,120,2012,"Biography, Drama, Thriller",558263,2012-08-31,Ben Affleck
293,tt0096874,2019-07-16,2019-07-16,,Back to the Future Part II,https://www.imdb.com/title/tt0096874/,movie,7.8,108,1989,"Adventure, Comedy, Sci-Fi",458791,1989-11-20,Robert Zemeckis
294,tt0268380,2019-07-16,2019-07-16,,Ice Age,https://www.imdb.com/title/tt0268380/,movie,7.5,81,2002,"Animation, Adventure, Comedy, Family, Fantasy",426943,2002-03-12,"Chris Wedge, Carlos Saldanha"
295,tt0382932,2019-07-16,2019-07-16,,Ratatouille,https://www.imdb.com/title/tt0382932/,movie,8.0,111,2007,"Animation, Adventure, Comedy, Drama, Family, Fantasy",617113,2007-06-22,"Brad Bird, Jan Pinkava"
296,tt1790809,2019-07-16,2019-07-16,,Pirates of the Caribbean: Dead Men Tell No Tales,https://www.imdb.com/title/tt1790809/,movie,6.6,129,2017,"Action, Adventure, Fantasy",249735,2017-05-11,"Espen Sandberg, Joachim Rønning"
297,tt1219289,2019-07-16,2019-07-16,,Limitless,https://www.imdb.com/title/tt1219289/,movie,7.4,105,2011,"Sci-Fi, Thriller",514698,2011-03-08,Neil Burger
298,tt1670345,2019-07-16,2019-07-16,,Now You See Me,https://www.imdb.com/title/tt1670345/,movie,7.3,115,2013,"Crime, Mystery, Thriller",579155,2013-05-21,Louis Leterrier
299,tt1323594,2019-07-16,2019-07-16,,Despicable Me,https://www.imdb.com/title/tt1323594/,movie,7.6,95,2010,"Animation, Comedy, Family, Fantasy",486634,2010-06-20,"Chris Renaud, Pierre Coffin"
300,tt5758778,2019-07-16,2019-07-16,,Skyscraper,https://www.imdb.com/title/tt5758778/,movie,5.8,102,2018,"Action, Adventure, Thriller",97316,2018-07-11,Rawson Marshall Thurber
301,tt1409024,2019-07-16,2019-07-16,,Men in Black 3,https://www.imdb.com/title/tt1409024/,movie,6.8,106,2012,"Action, Adventure, Comedy, Family, Sci-Fi",326470,2012-05-14,Barry Sonnenfeld
302,tt0126029,2019-07-16,2019-07-16,,Shrek,https://www.imdb.com/title/tt0126029/,movie,7.8,90,2001,"Animation, Adventure, Comedy, Family, Fantasy",593991,2001-04-22,"Vicky Jenson, Andrew Adamson"
303,tt0369610,2019-07-16,2019-07-16,,Jurassic World,https://www.imdb.com/title/tt0369610/,movie,7.0,124,2015,"Action, Adventure, Sci-Fi",563987,2015-05-29,Colin Trevorrow
304,tt0172156,2019-07-16,2019-07-16,,Bad Boys II,https://www.imdb.com/title/tt0172156/,movie,6.6,147,2003,"Action, Comedy, Crime, Thriller",224676,2003-07-09,Michael Bay
305,tt2948356,2019-07-16,2019-07-16,,Zootopia,https://www.imdb.com/title/tt2948356/,movie,8.0,108,2016,"Animation, Adventure, Comedy, Crime, Family, Mystery",414488,2016-02-11,"Rich Moore, Jared Bush, Byron Howard"
306,tt3469046,2019-07-16,2019-07-16,,Despicable Me 3,https://www.imdb.com/title/tt3469046/,movie,6.3,89,2017,"Animation, Adventure, Comedy, Family, Fantasy, Sci-Fi",106272,2017-06-14,"Eric Guillon, Kyle Balda, Pierre Coffin"
307,tt0407304,2019-07-16,2019-07-16,,War of the Worlds,https://www.imdb.com/title/tt0407304/,movie,6.5,116,2005,"Adventure, Sci-Fi, Thriller",404877,2005-06-13,Steven Spielberg
308,tt0099487,2019-07-16,2019-07-16,,Edward Scissorhands,https://www.imdb.com/title/tt0099487/,movie,7.9,105,1990,"Drama, Fantasy, Romance",433147,1990-12-06,Tim Burton
309,tt1453405,2019-07-16,2019-07-16,,Monsters University,https://www.imdb.com/title/tt1453405/,movie,7.3,104,2013,"Animation, Adventure, Comedy, Family, Fantasy",310366,2013-06-05,Dan Scanlon
310,tt0119654,2019-07-16,2019-07-16,,Men in Black,https://www.imdb.com/title/tt0119654/,movie,7.3,98,1997,"Action, Adventure, Comedy, Sci-Fi",501953,1997-06-25,Barry Sonnenfeld
311,tt1276104,2019-07-16,2019-07-16,,Looper,https://www.imdb.com/title/tt1276104/,movie,7.4,113,2012,"Action, Adventure, Crime, Drama, Sci-Fi, Thriller",521420,2012-09-06,Rian Johnson
312,tt5580390,2019-07-16,2019-07-16,,The Shape of Water,https://www.imdb.com/title/tt5580390/,movie,7.3,123,2017,"Adventure, Drama, Fantasy, Romance, Thriller",350660,2017-08-31,Guillermo del Toro
313,tt3322940,2019-07-16,2019-07-16,,Annabelle,https://www.imdb.com/title/tt3322940/,movie,5.4,99,2014,"Horror, Mystery, Thriller",134831,2014-09-29,John R. Leonetti
314,tt1821694,2019-07-16,2019-07-16,,RED 2,https://www.imdb.com/title/tt1821694/,movie,6.6,116,2013,"Action, Adventure, Comedy, Crime, Thriller",155445,2013-07-18,Dean Parisot
315,tt1772341,2019-07-16,2019-07-16,,Wreck-It Ralph,https://www.imdb.com/title/tt1772341/,movie,7.7,101,2012,"Animation, Adventure, Comedy, Family, Fantasy",367227,2012-11-01,Rich Moore
316,tt0479952,2019-07-16,2019-07-16,,Madagascar: Escape 2 Africa,https://www.imdb.com/title/tt0479952/,movie,6.6,89,2008,"Animation, Adventure, Comedy, Family",197369,2008-10-30,"Tom McGrath, Eric Darnell"
317,tt1343092,2019-07-16,2019-07-16,,The Great Gatsby,https://www.imdb.com/title/tt1343092/,movie,7.2,143,2013,"Drama, Romance",460396,2013-05-01,Baz Luhrmann
318,tt2293640,2019-07-16,2019-07-16,,Minions,https://www.imdb.com/title/tt2293640/,movie,6.4,91,2015,"Animation, Adventure, Comedy, Family, Sci-Fi",205452,2015-06-11,"Kyle Balda, Pierre Coffin"
319,tt1764651,2019-07-16,2019-07-16,,The Expendables 2,https://www.imdb.com/title/tt1764651/,movie,6.6,103,2012,"Action, Adventure, Thriller",286480,2012-08-08,Simon West
320,tt1080016,2019-07-16,2019-07-16,,Ice Age: Dawn of the Dinosaurs,https://www.imdb.com/title/tt1080016/,movie,6.9,94,2009,"Animation, Adventure, Comedy, Family, Fantasy",216363,2009-06-26,"Mike Thurmeier, Carlos Saldanha"
321,tt0381849,2019-07-16,2019-07-16,,3:10 to Yuma,https://www.imdb.com/title/tt0381849/,movie,7.7,122,2007,"Action, Adventure, Crime, Drama, Western",280773,2007-08-21,James Mangold
322,tt2788710,2019-07-16,2019-07-16,,The Interview,https://www.imdb.com/title/tt2788710/,movie,6.5,112,2014,"Action, Adventure, Comedy",298518,2014-12-11,"Evan Goldberg, Seth Rogen"
323,tt2582782,2019-07-16,2019-07-16,,Hell or High Water,https://www.imdb.com/title/tt2582782/,movie,7.6,102,2016,"Action, Crime, Drama, Thriller, Western",194047,2016-05-16,David Mackenzie
324,tt3606752,2019-07-16,2019-07-16,,Cars 3,https://www.imdb.com/title/tt3606752/,movie,6.7,102,2017,"Animation, Adventure, Comedy, Family, Sport",69404,2017-06-10,Brian Fee
325,tt0309698,2019-07-16,2019-07-16,,Identity,https://www.imdb.com/title/tt0309698/,movie,7.3,90,2003,"Mystery, Thriller",219873,2003-04-23,James Mangold
326,tt3195644,2019-07-16,2019-07-16,,Insidious: Chapter 3,https://www.imdb.com/title/tt3195644/,movie,6.1,97,2015,"Horror, Mystery, Thriller",89365,2015-05-28,Leigh Whannell
327,tt5460658,2019-07-16,2019-07-16,,Abad va yek rooz,https://www.imdb.com/title/tt5460658/,movie,8.2,112,2016,Drama,8362,2016-02-02,Saeed Roustayi
328,tt2250912,2019-07-16,2019-07-16,,Spider-Man: Homecoming,https://www.imdb.com/title/tt2250912/,movie,7.4,133,2017,"Action, Adventure, Sci-Fi",485123,2017-06-28,Jon Watts
329,tt1231583,2019-07-16,2019-07-16,,Due Date,https://www.imdb.com/title/tt1231583/,movie,6.5,95,2010,"Comedy, Drama",315872,2010-10-31,Todd Phillips
330,tt1846589,2019-07-16,2019-07-16,,Hunter Killer,https://www.imdb.com/title/tt1846589/,movie,6.6,122,2018,"Action, Adventure, Thriller",47614,2018-03-30,Donovan Marsh
331,tt0475290,2019-07-21,2019-07-21,,"Hail, Caesar!",https://www.imdb.com/title/tt0475290/,movie,6.3,106,2016,"Comedy, Drama, Music, Mystery",119467,2016-02-01,"Ethan Coen, Joel Coen"
332,tt0780536,2019-07-21,2019-07-21,,In Bruges,https://www.imdb.com/title/tt0780536/,movie,7.9,107,2008,"Comedy, Crime, Drama, Thriller",379692,2008-01-17,Martin McDonagh
333,tt1187064,2019-07-23,2019-07-23,,Triangle,https://www.imdb.com/title/tt1187064/,movie,6.9,99,2009,"Fantasy, Mystery, Thriller",97543,2009-08-27,Christopher Smith
